asr_final_ms,asr_final_to_first_assistant_text_ms,asr_final_to_response_created_ms,assistant_transcript,audio_bytes,audio_chunks,audio_done_ms,audio_send_finished_ms,audio_send_ms,case_id,connection_ms,error,error_code,error_ms,event_count,family,first_asr_partial_ms,first_assistant_text_ms,first_assistant_text_to_first_audio_ms,first_audio_ms,first_audio_to_audio_done_ms,input_audio_end_to_speech_stop_ms,input_audio_finished_ms,input_audio_ms,input_transcript,prompt,response_created_ms,response_created_to_first_audio_ms,response_done_ms,response_id,response_status,speech_start_to_first_asr_partial_ms,speech_started_ms,speech_stop_to_asr_final_ms,speech_stop_to_first_audio_ms,speech_stop_to_response_done_ms,speech_stopped_ms,success,turn_id,turn_index,turn_start_to_speech_start_ms,turn_started_ms,turn_total_ms
3464.589,520.01,,I'd be happy to help plan your dinner at May Peroon. What time and how many people?,214016,39,4894.156,3755.152,3755.152,restaurant-booking-08,52.094,,,,59,restaurant-booking,994.61,3984.599,257.066,4241.665,652.491,69.015,3232.304,3232.304,Help me plan a dinner at may peroon in San Diego.,Help me plan a dinner at Maple Room in San Diego.,,,4894.671,resp_dfb4a48926d740ed851966f1c4ad216c,completed,500.035,494.575,163.27,940.346,1593.352,3301.319,True,restaurant-booking-08-turn-01,1,494.575,0.0,4894.671
1288.461,4364.413,,I'll check availability for a table for three on October19th. One moment.,187392,34,6484.39,4913.47,4913.47,restaurant-booking-08,52.094,,,,60,restaurant-booking,919.185,5652.874,200.5,5853.375,631.015,-3266.82,4390.592,4390.592,For make room I need a table for free people on October nineteenth.,"For Maple Room, I need a table for 3 people on October 19.",,,6485.388,resp_0e69c2bc084a411dad5e0b92d378ba67,completed,469.359,449.826,164.689,4729.602,5361.616,1123.772,True,restaurant-booking-08-turn-02,2,449.826,0.0,6485.388
3354.759,726.986,,I'll try to book a table for three at May Peroon for7:30 PM on October19th.,288768,49,4995.036,3716.789,3716.789,restaurant-booking-08,52.094,,,,68,restaurant-booking,855.011,4081.746,282.275,4364.021,631.015,88.972,3197.142,3197.142,Ask for a seven thirty pm reservation at may pero.,Ask for a 7:30 PM reservation at Maple Room.,,,5001.471,resp_ba6e0ae0c079418ca75f66bc6af4e515,completed,443.083,411.928,68.646,1077.908,1715.357,3286.113,True,restaurant-booking-08-turn-03,3,411.928,0.0,5001.471
3333.714,773.356,,"Got it, a table for three with vegetarian options for one guest. I'll check on that now.",209920,36,4890.569,3583.481,3583.481,restaurant-booking-08,52.094,,,,54,restaurant-booking,895.272,4107.07,197.645,4304.716,585.853,117.252,3046.324,3046.324,One gaspak map room needs vegetarian AU options.,One guest at Maple Room needs vegetarian options.,,,4891.196,resp_4eee8ac3bef44e8a8f466998dbd5a2dd,completed,485.641,409.631,170.138,1141.139,1727.62,3163.577,True,restaurant-booking-08-turn-04,4,409.631,0.0,4891.196
2674.523,610.632,,"Understood, one guest has a peanut allergy. I'll include that in the reservation notes.",207872,36,4098.43,2962.261,2962.261,restaurant-booking-08,52.094,,,,51,restaurant-booking,987.194,3285.155,211.205,3496.359,602.07,97.301,2434.278,2434.278,Another map room guest cannati peanuts.,Another Maple Room guest cannot eat peanuts.,,,4099.387,resp_3ee45cd085bc407f842c90cefdfaa43b,completed,558.983,428.211,142.944,964.781,1567.808,2531.579,True,restaurant-booking-08-turn-05,5,428.211,0.0,4099.387
2906.343,587.648,,"I'll update the reservation to8 PM on October19th for three, with vegetarian options and a peanut allergy noted.",301056,50,4313.167,3175.424,3175.424,restaurant-booking-08,52.094,,,,66,restaurant-booking,971.935,3493.991,226.295,3720.286,592.881,125.169,2648.776,2648.776,Move the pfferred map run time thirty later.,Move the preferred Maple Room time thirty minutes later.,,,4314.418,resp_bf778d20590b419fa41d80334a7187d7,completed,550.321,421.615,132.398,946.341,1540.473,2773.946,True,restaurant-booking-08-turn-06,6,421.615,0.0,4314.418
2849.234,577.808,,"Yes, I'd confirm directly with May Peroon about accessibility needs.",183296,32,4049.862,3210.093,3210.093,restaurant-booking-08,52.094,,,,48,restaurant-booking,857.974,3427.042,188.873,3615.915,433.947,112.562,2679.943,2679.943,Should I confirm maple room about accessibility.,What should I confirm with Maple Room about accessibility?,,,4051.582,resp_b7035e9eae17479e93543497c945e6b1,completed,433.103,424.871,56.73,823.411,1259.077,2792.505,True,restaurant-booking-08-turn-07,7,424.871,0.0,4051.582
2841.628,1156.289,,"Here's your request: ""Table for three, October19th at8 PM, one vegetarian, one peanut allergy, accessibility needs. Please confirm.""",429056,72,5060.716,3151.232,3151.232,restaurant-booking-08,52.094,,,,89,restaurant-booking,872.721,3997.916,195.004,4192.92,867.796,111.89,2630.819,2630.819,Draft a concise booking request for make room.,Draft a concise booking request for Maple Room.,,,5061.417,resp_2e512a737d784381ba91bdeb5e0789f7,completed,444.285,428.436,98.919,1450.211,2318.708,2742.709,True,restaurant-booking-08-turn-08,8,428.436,0.0,5061.417
3346.182,676.436,,"Here's your reservation summary: May Peroon, October19th,8 PM, table for three, one vegetarian, one peanut allergy, accessibility needs.",442368,73,5134.469,3686.072,3686.072,restaurant-booking-08,52.094,,,,92,restaurant-booking,869.764,4022.617,237.236,4259.853,874.616,113.931,3164.449,3164.449,Read back every detailtafe for the map per room reservation.,Read back every detail for the Maple Room reservation.,,,5135.077,resp_7baed024cdc840708c9e0b48e3d36de7,completed,435.925,433.84,67.802,981.474,1856.697,3278.38,True,restaurant-booking-08-turn-09,9,433.84,0.0,5135.077
2846.413,830.207,,Your May Peroon reservation is still unconfirmed. Want me to call or message them to check?,258048,43,4646.578,3156.578,3156.578,restaurant-booking-08,52.094,,,,60,restaurant-booking,860.524,3676.621,225.006,3901.626,744.952,110.985,2635.597,2635.597,EST unconfirmed about dinner at map room.,What is still unconfirmed about dinner at Maple Room?,,,4647.298,resp_807ca091b2b84907acef3c421302a957,completed,469.841,390.683,99.831,1155.044,1900.715,2746.582,True,restaurant-booking-08-turn-10,10,390.683,0.0,4647.298
2343.578,618.979,,I'd love to help! What's the event on Thursday?,106496,19,3588.652,2707.548,2707.548,meeting-scheduling-09,8.381,,,,33,meeting-scheduling,940.667,2962.558,192.445,3155.003,433.649,75.786,2181.401,2181.401,Help me organize a for Thursday!,Help me organize a security assessment for Thursday.,,,3591.463,resp_f7a8e08ba13f4a73b69633141cd0b47d,completed,479.494,461.173,86.392,897.816,1334.276,2257.187,True,meeting-scheduling-09-turn-01,1,461.173,0.0,3591.463
2960.335,550.496,,Got it. Eleven attendees and a budget of forty five. What type of event is it?,209920,36,4393.934,3185.102,3185.102,meeting-scheduling-09,8.381,,,,55,meeting-scheduling,871.034,3510.831,185.095,3695.925,698.009,-1567.75,2662.848,2662.848,The needs eleven attendees and forty five.,The security assessment needs 11 attendees and forty-five minutes.,,,4394.754,resp_6a04a78aafd4447ea225a1ff835be206,completed,446.066,424.967,1865.237,2600.827,3299.657,1095.098,True,meeting-scheduling-09-turn-02,2,424.967,0.0,4394.754
2708.834,933.639,,"Sorry, I didn't catch that. Could you repeat what the event's purpose is?",181248,31,4398.198,2982.014,2982.014,meeting-scheduling-09,8.381,,,,49,meeting-scheduling,893.646,3642.474,196.609,3839.083,559.115,79.125,2460.54,2460.54,Purpose eshar点am start for the.,Propose a 12:00 AM start for the security assessment.,,,4399.224,resp_79fd6e363dea493883a1f88223358b76,completed,459.992,433.654,169.169,1299.417,1859.558,2539.666,True,meeting-scheduling-09-turn-03,3,433.654,0.0,4399.224
1773.727,735.028,,"I'm not quite following. Could you clarify what ""ten four"" refers to?",143360,25,3533.208,2130.928,2130.928,meeting-scheduling-09,8.381,,,,37,meeting-scheduling,967.135,2508.755,216.412,2725.167,808.041,93.31,1612.274,1612.274,Further include ten four.,"For the security assessment, include ten minutes for questions.",,,3533.905,resp_6b44e0e5841c4e97b8eb0cb8eda4c9c6,completed,535.247,431.887,68.144,1019.584,1828.322,1705.583,True,meeting-scheduling-09-turn-04,4,431.887,0.0,3533.905
2444.475,456.64,,"Got it, moved to Wednesday. Could you clarify the event's purpose and total budget for me?",232448,41,3826.707,2777.546,2777.546,meeting-scheduling-09,8.381,,,,57,meeting-scheduling,1205.108,2901.115,233.522,3134.637,692.071,87.661,2256.856,2256.856,Moved to thir a the following day.,Move the security assessment from Thursday to the following business day.,,,3827.835,resp_46095ef3ef454d3ca6b07bd0499d94f4,completed,746.525,458.582,99.958,790.12,1483.318,2344.517,True,meeting-scheduling-09-turn-05,5,458.582,0.0,3827.835
3110.972,594.399,,"Thanks, I'll factor that in. Should the event stay on Thursday?",142336,26,4402.356,3379.36,3379.36,meeting-scheduling-09,8.381,,,,43,meeting-scheduling,1242.209,3705.371,201.971,3907.342,495.014,99.628,2851.647,2851.647,One attendee is remote in another time zone.,One security assessment attendee is remote in another time zone.,,,4403.364,resp_a11143b408f449a6a7b7d7eefd2474a1,completed,827.173,415.036,159.697,956.068,1452.089,2951.275,True,meeting-scheduling-09-turn-06,6,415.036,0.0,4403.364
2163.479,546.996,,Sure. I'll draft a simple agenda now. Does the event start in the morning?,198656,36,3680.383,2472.491,2472.491,meeting-scheduling-09,8.381,,,,51,meeting-scheduling,882.409,2710.475,199.026,2909.5,770.882,73.248,1946.258,1946.258,Draft a concise agenda for the.,Draft a concise agenda for the security assessment.,,,3681.21,resp_436a8c6ce69f4bf7b2a1f60eff5b2036,completed,473.59,408.819,143.973,889.994,1661.704,2019.506,True,meeting-scheduling-09-turn-07,7,408.819,0.0,3681.21
2562.218,1369.576,,"Sure, here's a short invite: Join us on Thursday for a focused session with eleven guests to discuss our goals.",261120,44,4793.587,2902.141,2902.141,meeting-scheduling-09,8.381,,,,60,meeting-scheduling,801.346,3931.794,226.334,4158.128,635.459,120.025,2375.894,2375.894,Write a short invitation description for the.,Write a short invitation description for the security assessment.,,,4795.312,resp_993e131c041d48c7a76ae3ec66d34578,completed,388.389,412.957,66.299,1662.209,2299.394,2495.919,True,meeting-scheduling-09-turn-08,8,412.957,0.0,4795.312
2009.06,688.582,,"It's still Thursday with eleven attendees, forty-five budget. You mentioned a remote guest, but the time hasn't changed yet.",320512,54,3741.227,2357.916,2357.916,meeting-scheduling-09,8.381,,,,68,meeting-scheduling,868.812,2697.641,241.203,2938.845,802.382,96.307,1830.168,1830.168,Read back the updated schedule.,Read back the updated security assessment schedule.,,,3742.053,resp_c0d745de2ad8491f8726a6fdfd68f879,completed,430.73,438.081,82.585,1012.37,1815.578,1926.475,True,meeting-scheduling-09-turn-09,9,438.081,0.0,3742.053
2006.285,710.666,,"Got it, I'll flag scheduling as a risk until we confirm the remote attendee's time zone.",179200,30,3282.195,2352.561,2352.561,meeting-scheduling-09,8.381,,,,42,meeting-scheduling,965.074,2716.951,164.788,2881.74,400.456,91.36,1818.494,1818.494,Scheduling risk remains further.,What scheduling risk remains for the security assessment?,,,3282.987,resp_fb582af63d0a4a78b2519d0526ce17a3,completed,551.242,413.832,96.431,971.886,1373.133,1909.854,True,meeting-scheduling-09-turn-10,10,413.832,0.0,3282.987
2572.888,1188.394,,"Here's a quick five-day Vancouver plan: Stanley Park and Granville Island, Capilano, museums, Whistler day trip, then Grouse Mountain. Want details?",453632,75,5042.61,2875.019,2875.019,travel-planning-03,5.451,,,,90,travel-planning,957.094,3761.282,277.888,4039.169,1003.441,113.584,2347.673,2347.673,Help me plan a five day trip to vancouver.,Help me plan a 5-day trip to Vancouver.,,,5043.602,resp_1bb3e3004627409790f5d323ea594149,completed,467.629,489.465,111.63,1577.912,2582.345,2461.258,True,travel-planning-03-turn-01,1,489.465,0.0,5043.602
1506.494,4358.797,,"Got it, under twelve fifty. I'll focus on free attractions, transit passes, and budget eats. Want a full day-by-day plan?",355328,61,7129.97,5457.62,5457.62,travel-planning-03,5.451,,,,89,travel-planning,983.421,5865.291,224.406,6089.698,1040.273,-3545.723,4933.396,4933.396,F the vancouver trip keep my to to budget near one thousand two hundred fifty dollars.,"For the Vancouver trip, keep my total budget near 1250 dollars.",,,7130.747,resp_57207af870ab43f499cbe115e02b000f,completed,552.824,430.597,118.821,4702.025,5743.073,1387.673,True,travel-planning-03-turn-02,2,430.597,0.0,7130.747
1574.187,3694.521,,"Great, I'll center your plan around local food markets, like Granville Island and Richmond Night Market. Under budget, easy. Want the itinerary?",435200,73,6589.569,4523.173,4523.173,travel-planning-03,5.451,,,,99,travel-planning,850.377,5268.708,202.622,5471.33,1118.238,-2479.805,3995.006,3995.006,"On this vancouver visit, I care most about local food markets.","On this Vancouver visit, I care most about local food markets.",,,6590.217,resp_79d953a476a44c48842dbb9ff62e5522,completed,416.262,434.115,58.987,3956.129,5075.016,1515.201,True,travel-planning-03-turn-03,3,434.115,0.0,6590.217
3118.631,775.786,,Granville Island is your best bet for food markets. It's walkable and packed with local vendors.,244736,42,4747.905,3459.394,3459.394,travel-planning-03,5.451,,,,49,travel-planning,,3894.417,196.414,4090.831,657.074,121.538,2928.736,2928.736,Which neighborhood in vancouver best fits that preference?,Which neighborhood in Vancouver best fits that preference?,,,4748.969,resp_604371be5e794cb79b14c0754305bb4d,completed,,413.166,68.357,1040.557,1698.695,3050.274,True,travel-planning-03-turn-04,4,413.166,0.0,4748.969
2939.949,536.737,,"Start at Granville Island Public Market for breakfast. Grab a pastry, explore stalls, then stroll the waterfront.",313344,53,4611.915,3264.917,3264.917,travel-planning-03,5.451,,,,71,travel-planning,902.394,3476.687,214.089,3690.776,921.139,120.939,2735.002,2735.002,Give me a simple first morning plan for vancouver.,Give me a simple first-morning plan for Vancouver.,,,4613.469,resp_fedcf7727dd84e5fa2f2755702e2221b,completed,471.754,430.64,84.009,834.835,1757.529,2855.941,True,travel-planning-03-turn-05,5,430.64,0.0,4613.469
3342.036,695.465,,"Sure. On day two, sleep in, then enjoy a relaxed brunch at a local café. Wander the West End lightly.",334848,56,5190.401,3598.405,3598.405,travel-planning-03,5.451,,,,76,travel-planning,869.235,4037.501,2.133,4039.634,1150.767,136.13,3073.211,3073.211,Make the second day in vancouver less rushed than the first.,Make the second day in Vancouver less rushed than the first.,,,5191.089,resp_775ea3a2474e4811939d4b7670444d81,completed,481.57,387.665,132.694,830.293,1981.747,3209.342,True,travel-planning-03-turn-06,6,387.665,0.0,5191.089
3220.973,624.425,,Try the Vancouver Art Gallery or the Museum of Anthropology indoors. Then warm up with ramen or a cozy café.,345088,59,5020.503,3534.554,3534.554,travel-planning-03,5.451,,,,78,travel-planning,904.978,3845.398,208.044,4053.442,967.062,70.283,3008.944,3008.944,One rainy day alternative y im in vancouver.,Suggest one rainy-day alternative while I am in Vancouver.,,,5021.959,resp_cf19f37d8d1b428abf618d61727dfa46,completed,467.503,437.476,141.746,974.215,1942.732,3079.227,True,travel-planning-03-turn-07,7,437.476,0.0,5021.959
2695.862,1015.298,,"Prioritize fresh seafood like salmon, plus poutine and Asian street food. Don't skip Granville Island's croissants or sushi.",350208,59,4828.326,3010.231,3010.231,travel-planning-03,5.451,,,,75,travel-planning,1022.97,3711.159,219.072,3930.231,898.095,90.03,2485.095,2485.095,Local food should I prioritize in vancouver?,What local food should I prioritize in Vancouver?,,,4829.009,resp_4203493f88794056ac6be12bc9fd105c,completed,586.654,436.315,120.737,1355.106,2253.883,2575.125,True,travel-planning-03-turn-08,8,436.315,0.0,4829.009
3249.496,808.842,,"Five days, under twelve fifty, food-market focused. Granville Island mornings, neighborhoods afternoons. Rainy days mean museums and cozy cafés.",386048,65,5379.672,3530.606,3530.606,travel-planning-03,5.451,,,,83,travel-planning,1183.072,4058.338,205.805,4264.143,1115.53,108.948,2999.378,2999.378,Summarize my vancouver plan in three short points.,Summarize my Vancouver plan in three short points.,,,5380.967,resp_1a9633bb9f484c7b8b909427328dcd47,completed,756.584,426.488,141.17,1155.817,2272.641,3108.326,True,travel-planning-03-turn-09,9,426.488,0.0,5380.967
2273.781,993.525,,"Yes, book flights and accommodation first. Then reserve popular food market tours or tastings once dates are set.",324608,56,4315.696,2590.684,2590.684,travel-planning-03,5.451,,,,70,travel-planning,961.821,3267.306,201.624,3468.93,846.766,115.669,2069.59,2069.59,Should I book first for the vancouver trip?,What should I book first for the Vancouver trip?,,,4316.614,resp_46ce6361ce2f493d8a44402a8adff57b,completed,530.753,431.068,88.522,1283.671,2131.354,2185.259,True,travel-planning-03-turn-10,10,431.068,0.0,4316.614
4406.541,1229.713,,"Here's a seven-week plan: weeks one and two build the team and set goals, weeks three and four secure sponsors and start promotion, weeks five and six push tickets and donations, and the final week handles logistics and the event.",533504,88,7060.441,4675.694,4675.694,project-planning-04,11.44,,,,110,project-planning,974.249,5636.254,346.821,5983.075,1077.367,-2925.181,4150.337,4150.337,"Hap me structure, a community fundraising event, a seven week deadline.",Help me structure a community fundraising event with a 7-week deadline.,,,7061.111,resp_68347ff6ecb44ef6ba2a2d61b62c7091,completed,478.06,496.189,3181.385,4757.919,5835.956,1225.156,True,project-planning-04-turn-01,1,496.189,0.0,7061.111
3335.379,557.928,,"Got it, six team members. Divide them into fundraising, marketing, and logistics roles starting week one.",276480,47,4817.172,3631.439,3631.439,project-planning-04,11.44,,,,66,project-planning,950.996,3893.307,190.011,4083.318,733.854,113.663,3099.988,3099.988,The community fundraising eanttine has six people mixed.,The community fundraising event team has 6 people with mixed experience.,,,4817.859,resp_a645d6be740f4fec9802b477728f1000,completed,535.378,415.618,121.729,869.668,1604.208,3213.65,True,project-planning-04-turn-02,2,415.618,0.0,4817.859
3556.469,695.51,,The first milestone is to confirm the event concept and set the fundraising goal in week one.,199680,33,4909.895,3825.149,3825.149,project-planning-04,11.44,,,,52,project-planning,868.035,4251.979,223.561,4475.54,434.355,131.632,3297.718,3297.718,Name the first milestone for the community fundraising event.,Name the first milestone for the community fundraising event.,,,4911.132,resp_2c732b281b5843ccac6cbf71961b3b5c,completed,458.323,409.712,127.119,1046.191,1481.782,3429.35,True,project-planning-04-turn-03,3,409.712,0.0,4911.132
1795.458,2769.9,,"The biggest risk is low ticket sales or donations, so start promoting by week three.",221184,37,5249.839,4253.428,4253.428,project-planning-04,11.44,,,,58,project-planning,947.912,4565.358,209.653,4775.011,474.828,-2015.321,3723.683,3723.683,List the biggest schedule risk for the community fundraising event.,List the biggest schedule risk for the community fundraising event.,,,5250.873,resp_73c018bdfd8f4536ac05542c878a99f0,completed,537.707,410.204,87.095,3066.649,3542.511,1708.362,True,project-planning-04-turn-04,4,410.204,0.0,5250.873
4618.229,1368.039,,Cut vendor costs and simplify the program by trimming one activity.,163840,27,6563.024,4889.324,4889.324,project-planning-04,11.44,,,,48,project-planning,992.55,5986.268,224.855,6211.123,351.901,-1292.842,4361.049,4361.049,Reduce the inishia community fundraising event scope by about twenty percent.,Reduce the initial community fundraising event scope by about twenty percent.,,,6564.235,resp_8ad7fda390c8441c9d752b783a5bdb8d,completed,561.693,430.857,1550.022,3142.916,3496.028,3068.207,True,project-planning-04-turn-05,5,430.857,0.0,6564.235
4153.012,1139.315,,"Here's your leaner plan: keep promotion from week three, cut one activity, and trim vendor costs.",207872,35,5922.139,4422.263,4422.263,project-planning-04,11.44,,,,57,project-planning,915.622,5292.327,198.015,5490.343,431.796,78.039,3887.977,3887.977,Thesign klia rose for the smaller community fundraising event plan.,Assign clear roles for the smaller community fundraising event plan.,,,5923.352,resp_a149bc0915d04320b2a382f6c0df858e,completed,505.467,410.155,186.996,1524.326,1957.335,3966.016,True,project-planning-04-turn-06,6,410.155,0.0,5923.352
4010.632,1799.59,,The success criterion is raising at least80 percent of the fundraising goal.,183296,31,6571.098,4243.63,4243.63,project-planning-04,11.44,,,,51,project-planning,1219.564,5810.221,339.914,6150.135,420.963,138.247,3721.677,3721.677,One measurable success criterion for the community fundraising event.,Suggest one measurable success criterion for the community fundraising event.,,,6572.441,resp_1862247356c741df887234be3e896e31,completed,792.105,427.459,150.708,2290.212,2712.518,3859.923,True,project-planning-04-turn-07,7,427.459,0.0,6572.441
4179.548,974.232,,"The agenda covers progress updates, next steps, risks, and decisions needed.",205824,35,5772.853,4445.151,4445.151,project-planning-04,11.44,,,,57,project-planning,957.678,5153.78,197.706,5351.486,421.367,152.878,3925.111,3925.111,Create a brief weekly check in agenda for the community fundraising event.,Create a brief weekly check-in agenda for the community fundraising event.,,,5773.885,resp_ab3c497b00f544d8bd46438ebe0682e7,completed,548.842,408.835,101.558,1273.497,1695.895,4077.99,True,project-planning-04-turn-08,8,408.835,0.0,5773.885
3835.494,656.585,,The plan is a seven-week fundraiser with six people. Trade-offs: fewer activities and lower vendor costs to hit the80 percent goal.,332800,56,5755.305,4114.391,4114.391,project-planning-04,11.44,,,,77,project-planning,945.828,4492.079,214.94,4707.019,1048.286,119.09,3587.495,3587.495,Summarized the community fundraising event plan and its trade offs.,Summarize the current community fundraising event plan and its tradeoffs.,,,5756.463,resp_9af043c344c44d769d8027cb8bb72d58,completed,539.5,406.328,128.909,1000.434,2049.878,3706.585,True,project-planning-04-turn-09,9,406.328,0.0,5756.463
3342.885,816.873,,"Share the options and your top two concerns, and we'll pick the best path.",186368,32,4771.32,3650.418,3650.418,project-planning-04,11.44,,,,50,project-planning,861.6,4159.758,184.78,4344.539,426.781,118.304,3125.172,3125.172,Decision about the community fundraising event mess today.,What decision about the community fundraising event must happen today?,,,4772.625,resp_d5f2f3d952824bc3a937452b5edf3376,completed,471.806,389.794,99.41,1101.063,1529.15,3243.476,True,project-planning-04-turn-10,10,389.794,0.0,4772.625
3062.748,350.19,,I'd love to help. What night works best for you?,121856,22,4132.659,3388.924,3388.924,restaurant-booking-09,15.231,,,,41,restaurant-booking,957.198,3412.938,199.665,3612.603,520.057,100.861,2867.56,2867.56,Help me plan a dinner at cedar in Nashville.,Help me plan a dinner at Cedar Grill in Nashville.,,,4133.262,resp_8dae9418338843579a585f2cae37cd50,completed,467.644,489.553,94.327,644.181,1164.84,2968.421,True,restaurant-booking-09-turn-01,1,489.553,0.0,4133.262
3667.057,951.713,,Let me check availability for four on October twentieth at Cedar.,163840,27,5170.433,3954.594,3954.594,restaurant-booking-09,15.231,,,,47,restaurant-booking,954.109,4618.77,188.241,4807.011,363.422,99.457,3428.862,3428.862,First car I need a table for four people on October twentieth.,"For Cedar Grill, I need a table for 4 people on October 20.",,,5171.145,resp_885da7f90aef4801881278cf0a404d71,completed,503.046,451.063,138.739,1278.692,1642.826,3528.318,True,restaurant-booking-09-turn-02,2,451.063,0.0,5171.145
2994.837,2060.236,,Let me check if they have an8:30 reservation available for four people.,172032,29,5655.869,3409.189,3409.189,restaurant-booking-09,15.231,,,,35,restaurant-booking,,5055.073,206.426,5261.499,394.371,96.593,2883.608,2883.608,Ask for at 08:30 pm reservation at cedar.,Ask for a 8:30 PM reservation at Cedar Grill.,,,5656.909,resp_4aa949d1e1b04765ba56e9ef9fe93503,completed,,414.094,14.635,2281.297,2676.707,2980.202,True,restaurant-booking-09-turn-03,3,414.094,0.0,5656.909
2671.465,978.933,,I think you mean vegetarian options—let me ask Cedar about that when I check on the reservation.,235520,40,4404.95,3021.714,3021.714,restaurant-booking-09,15.231,,,,55,restaurant-booking,969.589,3650.398,205.159,3855.557,549.393,118.321,2497.459,2497.459,One guessed at cedar needs sagittarian options.,One guest at Cedar Grill needs vegetarian options.,,,4405.879,resp_dfdc4c65a58e4dd3b00b8954f5564c79,completed,552.873,416.716,55.685,1239.777,1790.099,2615.78,True,restaurant-booking-09-turn-04,4,416.716,0.0,4405.879
2724.804,799.665,,"I'm sorry, but I didn't quite catch that. Did you mean you have a peanut allergy?",180224,30,4268.846,2907.915,2907.915,restaurant-booking-09,15.231,,,,47,restaurant-booking,981.559,3524.469,191.666,3716.136,552.711,109.488,2380.485,2380.485,Another cedar gas cannati peanuts.,Another Cedar Grill guest cannot eat peanuts.,,,4269.681,resp_116237f6414544c689df82698de523e3,completed,545.053,436.506,234.831,1226.163,1779.708,2489.973,True,restaurant-booking-09-turn-05,5,436.506,0.0,4269.681
2460.889,600.271,,Got it—you'd like to move the reservation to9:00 PM. Let me confirm that with Cedar.,232448,40,3973.081,2747.014,2747.014,restaurant-booking-09,15.231,,,,55,restaurant-booking,879.952,3061.16,215.441,3276.601,696.48,116.528,2225.544,2225.544,Move thered zeta time thirty later.,Move the preferred Cedar Grill time thirty minutes later.,,,3973.815,resp_17c6ce9fd4ac4c408f8bb928f86e0760,completed,443.851,436.101,118.816,934.528,1631.743,2342.072,True,restaurant-booking-09-turn-06,6,436.101,0.0,3973.815
2668.47,539.129,,"Yes, that's a good idea. Would you like me to ask about accessible seating and entry?",241664,42,4077.683,2994.091,2994.091,restaurant-booking-09,15.231,,,,58,restaurant-booking,960.498,3207.599,177.874,3385.473,692.21,117.525,2472.924,2472.924,Should I confirm cedar about accessibility?,What should I confirm with Cedar Grill about accessibility?,,,4078.351,resp_6bbe594680b54d67bd9f92fffce5f92d,completed,545.43,415.068,78.021,795.023,1487.901,2590.449,True,restaurant-booking-09-turn-07,7,415.068,0.0,4078.351
2651.794,515.574,,"Sure. Here's a draft: ""I'd like a table for four on October20th at9 PM, with vegetarian options and wheelchair access, please.""",339968,57,4298.008,2932.452,2932.452,restaurant-booking-09,15.231,,,,74,restaurant-booking,960.916,3167.368,1.101,3168.469,1129.538,96.818,2398.354,2398.354,Draft a conci booking request for cedar.,Draft a concise booking request for Cedar Grill.,,,4298.703,resp_58e6e35c69784721b6ecc05f6b097b13,completed,523.683,437.233,156.623,673.298,1803.531,2495.171,True,restaurant-booking-09-turn-08,8,437.233,0.0,4298.703
3153.866,1059.743,,"Here's your reservation: October20th,9 PM, table for four, vegetarian options, wheelchair access, and peanut allergy noted.",408576,69,5358.851,3397.989,3397.989,restaurant-booking-09,15.231,,,,87,restaurant-booking,868.625,4213.609,220.967,4434.576,924.275,131.023,2872.937,2872.937,Read back every detailta for the sta reservation.,Read back every detail for the Cedar Grill reservation.,,,5360.011,resp_6e0a00548e9c429f9c5e9cecac39ab4e,completed,451.148,417.478,149.906,1430.615,2356.051,3003.96,True,restaurant-booking-09-turn-09,9,417.478,0.0,5360.011
2594.82,940.166,,"Sorry, I can't confirm the reservation yet. Would you like me to call Cedar now?",162816,28,4363.609,2869.84,2869.84,restaurant-booking-09,15.231,,,,43,restaurant-booking,1101.544,3534.986,244.374,3779.36,584.249,72.714,2342.867,2342.867,It's still unconfirmed about dinner at cedar.,What is still unconfirmed about dinner at Cedar Grill?,,,4364.196,resp_3bc284e0e7334f3797c08807cb72a9b0,completed,705.775,395.769,179.239,1363.779,1948.616,2415.581,True,restaurant-booking-09-turn-10,10,395.769,0.0,4364.196
3183.362,667.868,,I'll help you get release-ready. What are the main pieces you want to verify?,188416,33,4637.255,3523.73,3523.73,meeting-scheduling-10,4.559,,,,51,meeting-scheduling,957.607,3851.23,225.535,4076.765,560.49,115.203,3002.022,3002.022,Help me organize a release readiness check for Friday!,Help me organize a release readiness check for Friday.,,,4638.38,resp_e59dd53d48f44844bfaa6a15472d3bff,completed,470.95,486.657,66.137,959.54,1521.156,3117.224,True,meeting-scheduling-10-turn-01,1,486.657,0.0,4638.38
3540.98,830.848,,"Got it, attendee check and45 something. Did you mean45 minutes or45 attendees?",259072,44,5361.871,3838.359,3838.359,meeting-scheduling-10,4.559,,,,64,meeting-scheduling,883.887,4371.828,208.445,4580.273,781.598,119.34,3311.229,3311.229,The release readiness check needs trough attendees and forty five.,The release readiness check needs 12 attendees and forty-five minutes.,,,5363.15,resp_c2510b356b894be7ab9f70b5fffa273f,completed,448.626,435.261,110.411,1149.704,1932.581,3430.569,True,meeting-scheduling-10-turn-02,2,435.261,0.0,5363.15
1341.514,3462.018,,"Here's a30 minute agenda for the release readiness check: intent, demo, risks, sign-offs, and rollout. Want me to add owners?",349184,58,5772.684,4487.224,4487.224,meeting-scheduling-10,4.559,,,,82,meeting-scheduling,1006.625,4803.533,208.76,5012.293,760.392,-2680.085,3964.725,3964.725,Propose a thirteen din am m stat Ford de release readins c.,Propose a 13:00 AM start for the release readiness check.,,,5773.316,resp_706f2662b56944a3aef6c89f3ee4292f,completed,577.585,429.04,56.874,3727.652,4488.676,1284.64,True,meeting-scheduling-10-turn-03,3,429.04,0.0,5773.316
1987.081,2703.575,,"I'll add a section for ""tan for,"" but could you clarify what that stands for?",182272,31,5266.748,3762.371,3762.371,meeting-scheduling-10,4.559,,,,49,meeting-scheduling,883.073,4690.656,179.724,4870.381,396.367,-1379.817,3236.957,3236.957,"For the release readiness check, include tan for.","For the release readiness check, include ten minutes for questions.",,,5267.754,resp_3a146894de1d40bd9e617363c62c7c2b,completed,438.382,444.691,129.941,3013.24,3410.614,1857.14,True,meeting-scheduling-10-turn-04,4,444.691,0.0,5267.754
2316.878,1691.144,,"Got it, I'll move the release readiness check to Saturday.",145408,24,4534.779,3811.634,3811.634,meeting-scheduling-10,4.559,,,,43,meeting-scheduling,857.154,4008.022,176.276,4184.298,350.481,-1069.445,3285.744,3285.744,Move the release readiness c friita the following day.,Move the release readiness check from Friday to the following business day.,,,4535.805,resp_dfd4b030a0614d5b965400cdf05b5920,completed,451.495,405.659,100.58,1968.0,2319.506,2216.298,True,meeting-scheduling-10-turn-05,5,405.659,0.0,4535.805
3953.653,650.046,,I'll note the time zone and suggest adjusting the time so everyone can join.,200704,33,5216.394,4308.613,4308.613,meeting-scheduling-10,4.559,,,,55,meeting-scheduling,856.861,4603.7,194.299,4797.998,418.396,106.514,3779.547,3779.547,One release readiness check attendee is remote in another time zone.,One release readiness check attendee is remote in another time zone.,,,5217.537,resp_16a125bbf0d749d5a935b33e9af96571,completed,442.066,414.795,67.592,911.937,1331.476,3886.061,True,meeting-scheduling-10-turn-06,6,414.795,0.0,5217.537
3306.403,944.813,,"Here's the agenda: status, demo, risks, and rollout. Which time slot works?",237568,40,5136.462,3611.267,3611.267,meeting-scheduling-10,4.559,,,,59,meeting-scheduling,858.252,4251.215,278.042,4529.257,607.205,118.662,3086.145,3086.145,"Draft a concise agenda for de releases readins, c.",Draft a concise agenda for the release readiness check.,,,5139.528,resp_64572c1960e942829a7ba2310e2b0e24,completed,442.157,416.095,101.595,1324.45,1934.721,3204.807,True,meeting-scheduling-10-turn-07,7,416.095,0.0,5139.528
3752.879,825.252,,"Join us Friday for the release readiness check. We'll review status, risks, and rollout plan.",241664,42,5439.468,4031.172,4031.172,meeting-scheduling-10,4.559,,,,63,meeting-scheduling,996.106,4578.13,221.731,4799.861,639.606,114.332,3507.915,3507.915,Write a short invitation description for the release readin is check.,Write a short invitation description for the release readiness check.,,,5440.718,resp_11ebd6c025f444ef98bd77af2293e4e2,completed,566.657,429.45,130.632,1177.614,1818.471,3622.247,True,meeting-scheduling-10-turn-08,8,429.45,0.0,5440.718
3140.626,729.771,,"Here's the updated plan: moved to Saturday, agenda covers status, demo, risks, and rollout, plus remote attendee considered. Need the specific time still.",361472,60,4896.092,3418.253,3418.253,meeting-scheduling-10,4.559,,,,78,meeting-scheduling,901.968,3870.397,219.686,4090.083,806.009,112.68,2894.109,2894.109,Read back the updated release readin his checkze CA.,Read back the updated release readiness check schedule.,,,4897.368,resp_d584621b40ee490fb70eb86531c24d3b,completed,478.65,423.318,133.838,1083.294,1890.579,3006.789,True,meeting-scheduling-10-turn-09,9,423.318,0.0,4897.368
3068.637,1171.205,,I'll flag scheduling as a risk and propose earlier confirmation to lock in the time. Need the date to confirm.,257024,44,5070.057,3332.985,3332.985,meeting-scheduling-10,4.559,,,,63,meeting-scheduling,891.495,4239.842,187.504,4427.346,642.711,111.064,2805.681,2805.681,Scheduling risk remains for release readiness check.,What scheduling risk remains for the release readiness check?,,,5070.842,resp_214a13b90b9344de9e200b32b2a75cd6,completed,457.195,434.3,151.892,1510.602,2154.097,2916.745,True,meeting-scheduling-10-turn-10,10,434.3,0.0,5070.842
2624.157,960.204,,I'd be happy to help plan your Singapore trip. What kind of experience are you looking for?,230400,40,4538.114,2931.772,2931.772,travel-planning-04,7.579,,,,55,travel-planning,971.517,3584.361,298.758,3883.119,654.995,104.169,2407.755,2407.755,Help me plan a six day trip to Singapore.,Help me plan a 6-day trip to Singapore.,,,4539.713,resp_358d75c0b64949539a932c639b3f1678,completed,481.296,490.221,112.233,1371.194,2027.789,2511.925,True,travel-planning-04-turn-01,1,490.221,0.0,4539.713
1490.707,6372.142,,"Got it, about fourteen hundred dollars. Want me to focus on budget-friendly stays, food, and attractions?",236544,41,8751.938,6069.07,6069.07,travel-planning-04,7.579,,,,69,travel-planning,932.954,7862.85,208.809,8071.659,680.279,-4174.701,5541.104,5541.104,"For the Singapore trip, cape maoto budget near one thousand four hundred twenty five dollars.","For the Singapore trip, keep my total budget near 1425 dollars.",,,8752.709,resp_38959c672f874454bb84114da2ce292b,completed,497.346,435.607,124.304,6705.256,7386.307,1366.403,True,travel-planning-04-turn-02,2,435.607,0.0,8752.709
1557.415,3319.723,,"Perfect, I'll plan a nature-focused trip with easy walks. Let me check some park options for you.",245760,41,5800.608,4477.318,4477.318,travel-planning-04,7.579,,,,64,travel-planning,970.988,4877.138,240.595,5117.733,682.874,-2510.583,3945.663,3945.663,"On this Singapore visit, I care most about easy nature wax.","On this Singapore visit, I care most about easy nature walks.",,,5802.136,resp_5d09ff2e05eb4f1b9043e4be9169eb83,completed,562.871,408.117,122.336,3682.654,4367.056,1435.079,True,travel-planning-04-turn-03,3,408.117,0.0,5802.136
2907.637,1108.271,,Check out Dempsey Hill or Tanglin—close to the Botanic Gardens and nature reserves with easy trails.,212992,37,4671.006,3227.698,3227.698,travel-planning-04,7.579,,,,53,travel-planning,881.556,4015.908,179.693,4195.601,475.405,121.402,2706.863,2706.863,Which neighborhood and Singapore best fits that preference.,Which neighborhood in Singapore best fits that preference?,,,4672.393,resp_34c4459eedcd47dbb40d67537af2fab4,completed,478.653,402.903,79.373,1367.337,1844.128,2828.264,True,travel-planning-04-turn-04,4,402.903,0.0,4672.393
2881.965,946.122,,"Start with a coffee at Tiong Bahru, then walk the Southern Ridges. Eight minutes, light trail.",272384,47,4710.587,3224.655,3224.655,travel-planning-04,7.579,,,,64,travel-planning,970.857,3828.088,176.764,4004.851,705.735,93.142,2699.806,2699.806,Give me a simple first morning plan for Singapore.,Give me a simple first-morning plan for Singapore.,,,4711.961,resp_070339d407114f0d937e82eb664e02ab,completed,540.397,430.46,89.017,1211.903,1919.013,2792.948,True,travel-planning-04-turn-05,5,430.46,0.0,4711.961
3426.155,881.725,,"Second day, start at the Botanic Gardens, take the Heritage Trail, then lunch at Dempsey Hill before a quiet walk to MacRitchie.",285696,47,5109.438,3556.242,3556.242,travel-planning-04,7.579,,,,53,travel-planning,,4307.88,216.964,4524.844,584.594,133.496,3030.423,3030.423,Make the second day in Singapore less rushed than the first.,Make the second day in Singapore less rushed than the first.,,,5110.889,resp_59f0d9054d654fc1bacbc08c3e7ede03,completed,,407.489,262.237,1360.926,1946.971,3163.918,True,travel-planning-04-turn-06,6,407.489,0.0,5110.889
3164.466,1895.955,,"Visit the Cloud Forest at Gardens by the Bay, or the National Museum to stay dry indoors.",248832,42,6378.812,3450.032,3450.032,travel-planning-04,7.579,,,,59,travel-planning,953.239,5060.422,231.833,5292.255,1086.557,96.306,2926.362,2926.362,One rainy day alternative yinn in Singapore.,Suggest one rainy-day alternative while I am in Singapore.,,,6380.673,resp_1df16ec90f974a86bf34b03f616904a9,completed,534.846,418.393,141.799,2269.587,3358.005,3022.667,True,travel-planning-04-turn-07,7,418.393,0.0,6380.673
2655.677,481.854,,You mean where to prioritize? The Botanic Gardens and Southern Ridges fit your nature focus best.,280576,48,4128.232,3006.225,3006.225,travel-planning-04,7.579,,,,64,travel-planning,976.692,3137.531,217.29,3354.821,773.41,77.932,2483.224,2483.224,Loou should I prioritize in Singapore?,What local food should I prioritize in Singapore?,,,4129.115,resp_4d0c8e5f83644dd1b4390d405654a378,completed,556.554,420.138,94.521,793.665,1567.958,2561.156,True,travel-planning-04-turn-08,8,420.138,0.0,4129.115
1605.998,2972.201,,"Here's your nature-focused plan: stay near Tanglin, hike the Southern Ridges, then explore the Botanic Gardens at a relaxed pace.",318464,53,5453.555,3860.385,3860.385,travel-planning-04,7.579,,,,73,travel-planning,1019.365,4578.199,205.624,4783.823,669.731,-1796.987,3334.375,3334.375,Summarize my Singapore plan and three short points.,Summarize my Singapore plan in three short points.,,,5455.114,resp_6f38dd19ad4945ada820c6225a45355a,completed,574.725,444.64,68.61,3246.436,3917.726,1537.388,True,travel-planning-04-turn-09,9,444.64,0.0,5455.114
2368.483,783.883,,"Book your flight and hotel first, then popular nature tours early.",159744,28,3710.085,2637.171,2637.171,travel-planning-04,7.579,,,,42,travel-planning,893.902,3152.366,175.041,3327.406,382.679,100.444,2113.252,2113.252,Should I book first for a Singapore trip?,What should I book first for the Singapore trip?,,,3713.034,resp_09d5a28d70254edc8ac269bf04a4db30,completed,480.99,412.912,154.788,1113.711,1499.338,2213.695,True,travel-planning-04-turn-10,10,412.912,0.0,3713.034
3977.061,1163.229,,"Here's a suggested structure: weeks one and two for audit scope and testing, weeks three to five for fixes, week six for retesting, and the final two weeks for reporting and sign-off.",421888,70,6185.57,4243.635,4243.635,project-planning-05,7.147,,,,90,project-planning,964.666,5140.289,226.428,5366.718,818.852,138.736,3716.47,3716.47,Help me structure a website accessibility auditor eight week deadline.,Help me structure a website accessibility audit with a 8-week deadline.,,,6186.182,resp_d20ae97869cf4eb1b1c16749b201a32c,completed,474.89,489.776,121.854,1511.511,2330.975,3855.207,True,project-planning-05-turn-01,1,489.776,0.0,6186.182
3460.866,1158.748,,"Got it, I'll factor your team of seven into the structure.",141312,24,5646.594,3724.594,3724.594,project-planning-05,7.147,,,,41,project-planning,1114.022,4619.614,696.57,5316.184,330.41,124.102,3201.124,3201.124,The website accessibility audit team has seven people mixed.,The website accessibility audit team has 7 people with mixed experience.,,,5648.083,resp_7422750a2331418095c2d842e5e272bf,completed,705.373,408.649,135.64,1990.958,2322.858,3325.226,True,project-planning-05-turn-02,2,408.649,0.0,5648.083
3626.767,1244.915,,The first milestone is completion of the audit scope and testing plan.,169984,28,5471.37,3928.45,3928.45,project-planning-05,7.147,,,,48,project-planning,878.908,4871.682,268.072,5139.753,331.616,116.436,3404.426,3404.426,Named the first mifestone for the website accessibility ait.,Name the first milestone for the website accessibility audit.,,,5472.561,resp_3359dd85c0b8485383ef5f36c44cc78b,completed,447.423,431.485,105.906,1618.892,1951.699,3520.862,True,project-planning-05-turn-03,3,431.485,0.0,5472.561
3785.265,923.887,,The biggest risk is testing slippage compressing your remediation time.,184320,31,5611.984,4063.529,4063.529,project-planning-05,7.147,,,,52,project-planning,845.215,4709.152,528.68,5237.833,374.151,145.659,3536.63,3536.63,List the biggest schedule risk for the website accessibility audit.,List the biggest schedule risk for the website accessibility audit.,,,5612.708,resp_c60444a1609044efbf1bfae1980abbc6,completed,421.709,423.506,102.975,1555.543,1930.418,3682.29,True,project-planning-05-turn-04,4,423.506,0.0,5612.708
4877.31,719.851,,"I can suggest cutting less critical checks, like focusing on top user flows and key pages. Need more details to plan it fully.",359424,61,6729.874,5059.409,5059.409,project-planning-05,7.147,,,,72,project-planning,4519.392,5597.162,221.43,5818.591,911.283,-1334.342,4537.232,4537.232,Reduce the inita website accessibility audit scope by Bao twenty percent.,Reduce the initial website accessibility audit scope by about twenty percent.,,,6731.175,resp_89f3a364b1214abd993f33ac231e7609,completed,4116.842,402.55,1674.421,2615.702,3528.286,3202.89,True,project-planning-05-turn-05,5,402.55,0.0,6731.175
4122.398,1096.189,,"Okay, I'll assume you're ready to proceed with the smaller scope.",141312,24,5774.886,4482.473,4482.473,project-planning-05,7.147,,,,46,project-planning,887.055,5218.587,222.108,5440.695,334.191,98.611,3951.851,3951.851,The s clear rose for the smaller website accessibility audit plan.,Assign clear roles for the smaller website accessibility audit plan.,,,5775.821,resp_f2ae617923924ead9c7d1966ec84559f,completed,471.997,415.058,71.937,1390.233,1725.359,4050.462,True,project-planning-05-turn-06,6,415.058,0.0,5775.821
4049.673,697.434,,Zero critical or serious accessibility issues found in the final retest.,220160,38,5489.761,4365.73,4365.73,project-planning-05,7.147,,,,59,project-planning,975.247,4747.107,244.703,4991.81,497.951,143.839,3839.41,3839.41,One measurable success criterion for the website accessibility audit.,Suggest one measurable success criterion for the website accessibility audit.,,,5490.875,resp_4e7f5246663f4bac9e5921a1247a7c7d,completed,550.071,425.176,66.424,1008.561,1507.626,3983.248,True,project-planning-05-turn-07,7,425.176,0.0,5490.875
4312.321,881.525,,"Keep it brief: review progress against milestones, discuss blockers, and confirm next week's priorities.",243712,41,5882.98,4591.03,4591.03,project-planning-05,7.147,,,,64,project-planning,882.19,5193.846,194.15,5387.996,494.984,110.272,4064.178,4064.178,Create a brief weekly check in agenda for the website accessibility audit.,Create a brief weekly check-in agenda for the website accessibility audit.,,,5883.629,resp_ead6d06edcd9424b91fdeb065fe2ea63,completed,449.524,432.665,137.871,1213.546,1709.179,4174.45,True,project-planning-05-turn-08,8,432.665,0.0,5883.629
3867.341,679.583,,"The plan is an eight-week audit, starting with scope and testing, then fixes, retesting, and reporting. Trade-offs include reduced coverage for speed, and compressed remediation time if testing slips.",529408,89,6130.776,4142.316,4142.316,project-planning-05,7.147,,,,111,project-planning,848.087,4546.924,204.881,4751.805,1378.972,93.088,3618.236,3618.236,Summarized the website accessibility audit plan and its trade offs.,Summarize the current website accessibility audit plan and its tradeoffs.,,,6131.789,resp_353486e24738488897147224a5f1322b,completed,431.249,416.838,156.017,1040.481,2420.465,3711.324,True,project-planning-05-turn-09,9,416.838,0.0,6131.789
3259.393,1073.422,,"Okay, let's decide on the audit scope and schedule today.",153600,26,4880.788,3533.41,3533.41,project-planning-05,7.147,,,,44,project-planning,885.293,4332.815,177.872,4510.687,370.102,99.565,3006.264,3006.264,Decision about the website accessibility audit mess today.,What decision about the website accessibility audit must happen today?,,,4881.602,resp_75836429feff42d3a91ea42ee49a9ec2,completed,478.476,406.817,153.564,1404.858,1775.773,3105.829,True,project-planning-05-turn-10,10,406.817,0.0,4881.602
3425.135,634.386,,I'd love to help! What kind of dinner do you have in mind?,125952,21,4553.253,3643.193,3643.193,restaurant-booking-10,10.86,,,,40,restaurant-booking,1017.089,4059.52,1.633,4061.153,492.099,71.683,3120.666,3120.666,Help me plan a dinner at olive courtyardt in Philadelphia!,Help me plan a dinner at Olive Courtyard in Philadelphia.,,,4553.858,resp_ebb07a0195a5426e8620638aeedbaa0c,completed,526.655,490.434,232.786,868.804,1361.509,3192.349,True,restaurant-booking-10-turn-01,1,490.434,0.0,4553.858
1382.636,4659.636,,I'll check availability for October21st. Give me a moment.,184320,31,6730.32,5140.395,5140.395,restaurant-booking-10,10.86,,,,58,restaurant-booking,811.235,6042.273,203.836,6246.109,484.211,-3351.657,4615.305,4615.305,For olive courtyard I need a table for five people on October twenty first.,"For Olive Courtyard, I need a table for 5 people on October 21.",,,6730.94,resp_ca61832e49554c45a5a11b86d3f4bacd,completed,390.773,420.463,118.989,4982.461,5467.292,1263.648,True,restaurant-booking-10-turn-02,2,420.463,0.0,6730.94
3462.913,561.536,,Checking for a6:30 PM reservation at Olive Courtyard on October21st for five people.,310272,51,4869.385,3664.715,3664.715,restaurant-booking-10,10.86,,,,57,restaurant-booking,,4024.449,166.322,4190.771,678.614,99.884,3141.792,3141.792,Ask for a 630 pm reservation at olive courtyard.,Ask for a 6:30 PM reservation at Olive Courtyard.,,,4870.36,resp_8b856e8e837a43269b4161a56a184d37,completed,,406.557,221.238,949.095,1628.685,3241.676,True,restaurant-booking-10-turn-03,3,406.557,0.0,4870.36
3205.056,1048.843,,I'll make sure to ask about vegetarian options for the reservation.,124928,21,4725.798,3502.794,3502.794,restaurant-booking-10,10.86,,,,38,restaurant-booking,969.611,4253.899,161.467,4415.366,310.432,137.015,2983.003,2983.003,One gasted olive courtyard meets veittarian options.,One guest at Olive Courtyard needs vegetarian options.,,,4726.43,resp_195ffb60303f4349ad46239b1fbbacd6,completed,553.354,416.257,85.039,1295.349,1606.413,3120.017,True,restaurant-booking-10-turn-04,4,416.257,0.0,4726.43
2884.368,561.656,,"Got it, I'll confirm they can accommodate your peanut allergy.",137216,23,4224.105,3129.307,3129.307,restaurant-booking-10,10.86,,,,39,restaurant-booking,885.04,3446.025,498.168,3944.193,279.912,144.129,2607.536,2607.536,Another olive courtyard gas cannati peanuts.,Another Olive Courtyard guest cannot eat peanuts.,,,4224.638,resp_77e5fad522894e8cae1790d0637ce421,completed,478.648,406.392,132.703,1192.528,1472.973,2751.665,True,restaurant-booking-10-turn-05,5,406.392,0.0,4224.638
2922.347,586.28,,Let me update our reservation to7 PM. One moment.,159744,27,4273.88,3194.977,3194.977,restaurant-booking-10,10.86,,,,44,restaurant-booking,958.363,3508.628,371.715,3880.343,393.537,107.063,2669.18,2669.18,Move the priered olive courtyard time thirty later.,Move the preferred Olive Courtyard time thirty minutes later.,,,4274.795,resp_4ad065524c2a4e8ab4751cb8568de76b,completed,552.248,406.115,146.105,1104.1,1498.553,2776.243,True,restaurant-booking-10-turn-06,6,406.115,0.0,4274.795
3141.025,748.059,,"Yes, that's smart. I can check for you if you like.",132096,23,4558.983,3462.735,3462.735,restaurant-booking-10,10.86,,,,42,restaurant-booking,866.557,3889.084,196.326,4085.41,473.573,101.409,2936.228,2936.228,Should I confirm olive courtyard about accessibility?,What should I confirm with Olive Courtyard about accessibility?,,,4560.245,resp_4c11be04abf945f6a8acfd55ccf2dad3,completed,449.72,416.837,103.387,1047.772,1522.608,3037.638,True,restaurant-booking-10-turn-07,7,416.837,0.0,4560.245
3079.526,653.455,,"Here's your request: ""Hi, I'd like a table for five on October21st at7 PM. Vegetarian options and peanut allergy accommodations needed. Please confirm accessibility.""",407552,69,5047.46,3325.362,3325.362,restaurant-booking-10,10.86,,,,84,restaurant-booking,2137.52,3732.981,167.826,3900.807,1146.653,89.393,2799.953,2799.953,Draft a concise booking request for olive courtyard.,Draft a concise booking request for Olive Courtyard.,,,5049.211,resp_a7c48a0117824c55a90d940c34ec09c3,completed,1718.83,418.69,190.181,1011.462,2159.866,2889.345,True,restaurant-booking-10-turn-08,8,418.69,0.0,5049.211
3555.627,670.701,,"Here's your reservation: October21st,7 PM, table for five. Vegetarian options, peanut allergy noted. Confirming accessibility.",367616,62,5467.906,3868.979,3868.979,restaurant-booking-10,10.86,,,,84,restaurant-booking,861.048,4226.328,196.68,4423.008,1044.898,110.559,3346.228,3346.228,Read back every d fd the olive courtyard reservation.,Read back every detail for the Olive Courtyard reservation.,,,5468.805,resp_5b09e1b9dd5a44c3b0d26be68ff4d4e7,completed,443.449,417.599,98.841,966.222,2012.019,3456.786,True,restaurant-booking-10-turn-09,9,417.599,0.0,5468.805
2869.943,915.572,,It's still unconfirmed. Want me to check on the status now?,128000,22,4406.739,3195.357,3195.357,restaurant-booking-10,10.86,,,,38,restaurant-booking,1085.828,3785.514,216.644,4002.159,404.58,96.844,2645.978,2645.978,Is still unconfirmed about dinner at olive courtyard.,What is still unconfirmed about dinner at Olive Courtyard?,,,4407.243,resp_dea6f0301f094fa1bff6fb0e4ac7c7ef,completed,681.883,403.946,127.121,1259.337,1664.422,2742.822,True,restaurant-booking-10-turn-10,10,403.946,0.0,4407.243
3808.942,926.155,,A solid goal. Let's start with your income and monthly expenses.,160768,28,5583.524,3985.793,3985.793,budget-coaching-01,12.167,,,,45,budget-coaching,1206.975,4735.097,196.579,4931.675,651.849,-1336.931,3461.121,3461.121,Help me build an emergency fund over the next four months.,Help me build an emergency fund over the next 4 months.,,,5584.484,resp_be2778d1052648548a92f1ff2862ab16,completed,735.159,471.816,1684.752,2807.485,3460.295,2124.19,True,budget-coaching-01-turn-01,1,471.816,0.0,5584.484
2450.986,4030.459,,"Great, that's $480 over four months. That's a solid start.",198656,34,7239.412,6077.43,6077.43,budget-coaching-01,12.167,,,,64,budget-coaching,892.443,6481.445,214.637,6696.082,543.331,-3188.432,5549.681,5549.681,"For my go to build an emergency font, I can set aside one hundred twenty dollars monthly.","For my goal to build an emergency fund, I can set aside 120 dollars monthly.",,,7240.297,resp_5131d4b2d4bf4326bb9795ab6e5a07fb,completed,482.947,409.496,89.737,4334.833,4879.048,2361.249,True,budget-coaching-01-turn-02,2,409.496,0.0,7240.297
4777.168,649.496,,"Review your variable expenses, like dining out, to find extra savings.",232448,39,6118.871,5037.269,5037.269,budget-coaching-01,12.167,,,,63,budget-coaching,849.102,5426.663,210.111,5636.774,482.097,-2118.797,4514.744,4514.744,Name the first expense category to review so I can build an emergency font.,Name the first expense category to review so I can build an emergency fund.,,,6120.602,resp_b51dd75d65c0439fb03d1aa157cf6565,completed,435.848,413.254,2381.22,3240.827,3724.655,2395.947,True,budget-coaching-01-turn-03,3,413.254,0.0,6120.602
4923.33,888.603,,Try a weekly spending limit of sixty dollars to support your monthly savings goal.,207872,36,6676.419,4854.909,4854.909,budget-coaching-01,12.167,,,,42,budget-coaching,,5811.933,376.506,6188.439,487.98,118.777,4327.401,4327.401,Give me a weekly spanning limit that supports my plan to build an emergency fund.,Give me a weekly spending limit that supports my plan to build an emergency fund.,,,6677.221,resp_ff2c12e0a698490b99ad6a00cfdc3b9e,completed,,412.232,477.153,1742.261,2231.043,4446.178,True,budget-coaching-01-turn-04,4,412.232,0.0,6677.221
2044.187,3457.946,,That's important. Let's adjust your monthly savings to cover it.,154624,30,6332.21,5112.116,5112.116,budget-coaching-01,12.167,,,,56,budget-coaching,920.536,5502.133,207.773,5709.905,622.305,-2585.291,4573.442,4573.442,I've forgotten annual insurance bill revised the plan to build an emergency fund.,I forgot an annual insurance bill; revise the plan to build an emergency fund.,,,6332.901,resp_bdda3bf7b0514a9e9e89a8dc16324ce8,completed,492.944,427.593,56.036,3721.755,4344.751,1988.151,True,budget-coaching-01-turn-05,5,427.593,0.0,6332.901
3831.721,802.265,,"Sure, a monthly entertainment budget of $40 is a smart choice.",168960,29,5448.215,4143.734,4143.734,budget-coaching-01,12.167,,,,49,budget-coaching,984.489,4633.986,378.959,5012.946,435.27,89.175,3619.409,3619.409,Keep a smart entertainment allowance Yi biffen emergency fund.,Keep a small entertainment allowance while I build an emergency fund.,,,5448.722,resp_76f79b0665b84068bf9ef175e60c603d,completed,554.851,429.638,123.137,1304.362,1740.138,3708.584,True,budget-coaching-01-turn-06,6,429.638,0.0,5448.722
1707.447,3053.287,,Set up an automatic transfer of $120 on payday to your savings account.,186368,31,5381.391,4377.214,4377.214,budget-coaching-01,12.167,,,,52,budget-coaching,886.078,4760.734,200.417,4961.151,420.24,-2225.542,3855.901,3855.901,"One automatic transfer for Togo, the belton emergency fund.",Suggest one automatic transfer for the goal to build an emergency fund.,,,5381.811,resp_9488cd732aa243328aac701fa607569d,completed,484.466,401.612,77.088,3330.793,3751.453,1630.359,True,budget-coaching-01-turn-07,7,401.612,0.0,5381.811
3537.371,912.844,,"Track your monthly savings, total saved, and your remaining goal.",152576,26,5002.977,3830.172,3830.172,budget-coaching-01,12.167,,,,45,budget-coaching,965.785,4450.215,233.732,4683.947,319.03,136.902,3295.824,3295.824,Progress numbers should I track while I build an emergency fund?,What progress number should I track while I build an emergency fund?,,,5005.059,resp_b4454f9755a34b098fe01ec759c413b0,completed,538.446,427.338,104.645,1251.221,1572.333,3432.726,True,budget-coaching-01-turn-08,8,427.338,0.0,5005.059
3222.923,992.976,,"Here's your monthly plan: save $120, keep entertainment at $40, and track your progress.",248832,42,4947.152,3543.792,3543.792,budget-coaching-01,12.167,,,,60,budget-coaching,886.662,4215.899,191.189,4407.087,540.065,102.644,3007.952,3007.952,Summarize the monthly plan to build an emergency font.,Summarize the monthly plan to build an emergency fund.,,,4948.215,resp_12a1647d2d044511827925fdad68c508,completed,455.767,430.895,112.327,1296.491,1837.619,3110.596,True,budget-coaching-01-turn-09,9,430.895,0.0,4948.215
3561.986,516.446,,The biggest assumption is that your income stays stable.,108544,19,4494.6,3855.136,3855.136,budget-coaching-01,12.167,,,,38,budget-coaching,957.624,4078.432,167.769,4246.201,248.399,110.595,3335.899,3335.899,Is the biggest assumption in the plan to build an emergency fund.,What is the biggest assumption in the plan to build an emergency fund?,,,4495.318,resp_874eaed7689d4ecf9da8fd7060a57298,completed,547.561,410.063,115.491,799.706,1048.823,3446.494,True,budget-coaching-01-turn-10,10,410.063,0.0,4495.318
2605.701,421.296,,I can help with that. What time of year are you planning to visit?,128000,22,3737.529,2894.568,2894.568,travel-planning-05,10.884,,,,37,travel-planning,975.33,3026.997,217.245,3244.242,493.288,143.993,2361.131,2361.131,Help me plan a seven day trip to reykjavik.,Help me plan a 7-day trip to Reykjavik.,,,3738.298,resp_d4c36612f70948d39b716d0b51f8be84,completed,482.297,493.033,100.577,739.118,1233.174,2505.124,True,travel-planning-05-turn-01,1,493.033,0.0,3738.298
1581.787,4032.549,,Got it. I'll suggest a budget-friendly plan for around sixteen hundred dollars. I'll check current prices now.,344064,58,6900.506,5176.039,5176.039,travel-planning-05,10.884,,,,85,travel-planning,969.894,5614.336,12.494,5626.829,1273.677,-3198.844,4652.509,4652.509,Fe d reykjavik trip keep my to budget near one thousand six hundred dollars.,"For the Reykjavik trip, keep my total budget near 1600 dollars.",,,6901.007,resp_7efb606543f94704b50145d26d6dc904,completed,504.879,465.015,128.122,4173.164,5447.342,1453.665,True,travel-planning-05-turn-02,2,465.015,0.0,6901.007
1643.322,2875.044,,"Perfect, museums it is. I'll focus your itinerary on Reykjavik's best ones. Checking details now.",277504,48,5545.728,3975.279,3975.279,travel-planning-05,10.884,,,,70,travel-planning,891.592,4518.366,207.532,4725.898,819.831,-1915.171,3443.844,3443.844,"On this reykjavik visit, I care most about museums.","On this Reykjavik visit, I care most about museums.",,,5547.131,resp_af91d62eda2843d0a045daeba8a9c1ba,completed,484.308,407.283,114.649,3197.225,4018.459,1528.673,True,travel-planning-05-turn-03,3,407.283,0.0,5547.131
2911.937,983.471,,"The city center near Laugavegur is best, with most museums within walking distance.",214016,36,4584.241,3233.233,3233.233,travel-planning-05,10.884,,,,53,travel-planning,911.536,3895.408,200.793,4096.201,488.039,120.991,2708.601,2708.601,Which neighb reykjavik best fits that preference?,Which neighborhood in Reykjavik best fits that preference?,,,4585.211,resp_314f48a2e1264bcd927aa0ba94f447d8,completed,501.336,410.199,82.345,1266.609,1755.618,2829.592,True,travel-planning-05-turn-04,4,410.199,0.0,4585.211
2982.853,11182.617,,"Start at the National Museum, then walk to the Settlement Exhibition nearby. Grab lunch after.",250880,42,15022.579,3257.03,3257.03,travel-planning-05,10.884,,,,60,travel-planning,895.373,14165.469,216.47,14381.939,640.64,89.937,2734.813,2734.813,Give me a simple first morning plan for reykjavik.,Give me a simple first-morning plan for Reykjavik.,,,15024.021,resp_a9259490cf73413fbc97eec268b90968,completed,464.499,430.874,158.102,11557.188,12199.27,2824.751,True,travel-planning-05-turn-05,5,430.874,0.0,15024.021
3398.033,823.142,,"For day two, pick two museums, like the Saga and the Art Museum, with a long lunch break between.",261120,43,4988.079,3683.98,3683.98,travel-planning-05,10.884,,,,61,travel-planning,882.024,4221.175,243.154,4464.329,523.75,116.827,3156.592,3156.592,Make the second day in reykjavik less rush than the first.,Make the second day in Reykjavik less rushed than the first.,,,4988.9,resp_80325ecdf9954da687df31ca094fc5e6,completed,471.279,410.745,124.614,1190.909,1715.481,3273.419,True,travel-planning-05-turn-06,6,410.745,0.0,4988.9
3058.686,879.208,,"On a rainy day, visit the Perlan Museum and explore its indoor exhibits. You can stay dry and warm.",290816,50,4876.925,3374.171,3374.171,travel-planning-05,10.884,,,,69,travel-planning,870.422,3937.895,231.203,4169.098,707.827,128.809,2847.4,2847.4,"One rainy day, alternative y in reykjavik.",Suggest one rainy-day alternative while I am in Reykjavik.,,,4878.446,resp_16b78818f37b465c91d24278411fbccc,completed,433.486,436.936,82.477,1192.889,1902.237,2976.209,True,travel-planning-05-turn-07,7,436.936,0.0,4878.446
2738.868,1056.857,,"Try the hot dog at Bæjarins Beztu, plus lamb soup or fish stew.",196608,33,4425.453,3047.576,3047.576,travel-planning-05,10.884,,,,48,travel-planning,1066.622,3795.725,180.22,3975.946,449.508,89.493,2519.932,2519.932,Local food should I prioritize in reykjavik?,What local food should I prioritize in Reykjavik?,,,4426.342,resp_b2a316cfd8c449fcb85262ce93b2d7ad,completed,626.032,440.59,129.444,1366.521,1816.918,2609.424,True,travel-planning-05-turn-08,8,440.59,0.0,4426.342
3151.189,720.132,,Museums in the city center. Budget-friendly eats. Rain plans at Perlan.,236544,40,5066.278,3480.572,3480.572,travel-planning-05,10.884,,,,60,travel-planning,863.821,3871.321,241.373,4112.694,953.583,122.284,2954.511,2954.511,Summarize my reykjavik plan in three short points.,Summarize my Reykjavik plan in three short points.,,,5067.283,resp_e4a0d1d6684c49e78e137f5ad2549ca6,completed,452.131,411.69,74.395,1035.9,1990.489,3076.794,True,travel-planning-05-turn-09,9,411.69,0.0,5067.283
2272.155,879.361,,"I recommend booking the National Museum entrance in advance, as it's popular. Others are usually fine.",240640,42,3998.114,2583.415,2583.415,travel-planning-05,10.884,,,,56,travel-planning,983.06,3151.516,222.34,3373.857,624.257,108.772,2056.938,2056.938,Should I book first for the raychuick trip?,What should I book first for the Reykjavik trip?,,,3999.353,resp_f24f2f4278614d2baa582eb904750e6d,completed,545.263,437.797,106.445,1208.146,1833.643,2165.711,True,travel-planning-05-turn-10,10,437.797,0.0,3999.353
4065.245,1089.781,,I'll help you build a concise corporate wellness campaign with a nine-week deadline. Let's outline key steps.,252928,44,6140.624,4361.319,4361.319,project-planning-06,11.947,,,,67,project-planning,922.002,5155.026,207.131,5362.157,778.467,98.283,3838.832,3838.832,"Hap mtruct a corortelissess campaign, a nine week deadb line.",Help me structure a quarterly sales campaign with a 9-week deadline.,,,6142.335,resp_c15dc4563578417786b431c6a8b4e699,completed,452.703,469.299,128.13,1425.043,2205.221,3937.114,True,project-planning-06-turn-01,1,469.299,0.0,6142.335
3273.275,678.07,,Got it. We'll assign roles and plan a nine-week campaign with your eight-person team. Let's outline the steps.,309248,53,5022.705,3614.075,3614.075,project-planning-06,11.947,,,,73,project-planning,958.292,3951.345,0.882,3952.227,1070.478,127.297,3086.2,3086.2,The quarterly saves campaign team has eight people mixed.,The quarterly sales campaign team has 8 people with mixed experience.,,,5024.334,resp_a44181859a2f44dd97f13b95888e2c34,completed,503.061,455.231,59.778,738.73,1810.838,3213.497,True,project-planning-06-turn-02,2,455.231,0.0,5024.334
3330.568,860.67,,"Call it ""Kickoff & Baseline."" That sets the start and clear goals for the team.",236544,42,5098.052,3689.002,3689.002,project-planning-06,11.947,,,,61,project-planning,953.004,4191.238,229.751,4420.989,677.063,95.648,3167.422,3167.422,Named the first maestone for the corlyes campaign.,Name the first milestone for the quarterly sales campaign.,,,5098.57,resp_386c3e17d0454d419d57899208765602,completed,526.306,426.698,67.498,1157.919,1835.501,3263.07,True,project-planning-06-turn-03,3,426.698,0.0,5098.57
3814.444,690.52,,The biggest risk is scope creep. Keep tasks clear and cut nonessentials.,216064,41,5442.665,4065.969,4065.969,project-planning-06,11.947,,,,62,project-planning,851.884,4504.964,198.916,4703.88,738.785,-1785.422,3540.221,3540.221,"List the biggest schedule risk for the quarterly, says campaign.",List the biggest schedule risk for the quarterly sales campaign.,,,5445.211,resp_6196834c920340dca396357507b77f77,completed,438.665,413.219,2059.645,2949.081,3690.412,1754.799,True,project-planning-06-turn-04,4,413.219,0.0,5445.211
4504.382,609.874,,Trim nonessential tasks like extra surveys. Focus on core activities and one main goal.,236544,40,5918.609,4752.586,4752.586,project-planning-06,11.947,,,,65,project-planning,982.81,5114.256,176.866,5291.122,627.487,110.219,4228.727,4228.727,Reduce the initial cor delissas campaign scope by about twenty percent.,Reduce the initial quarterly sales campaign scope by about twenty percent.,,,5919.691,resp_0957847923e443fba954b49ba086b610,completed,575.417,407.393,165.436,952.176,1580.745,4338.946,True,project-planning-06-turn-05,5,407.393,0.0,5919.691
3841.754,451.341,,I'll assign clear roles for the smaller plan. Want me to list them now?,173056,30,5327.663,4192.74,4192.74,project-planning-06,11.947,,,,51,project-planning,973.539,4293.095,517.122,4810.217,517.446,115.094,3667.462,3667.462,Assign quia rose for the smaller cortelisces campaign plan.,Assign clear roles for the smaller quarterly sales campaign plan.,,,5328.622,resp_0e44e5a96cd64b4995a367b51adabc5d,completed,564.225,409.314,59.199,1027.662,1546.066,3782.556,True,project-planning-06-turn-06,6,409.314,0.0,5328.622
3941.685,947.166,,"Use ""80% employee participation in weekly check-ins"" as one measurable success criterion.",239616,41,5568.661,4111.142,4111.142,project-planning-06,11.947,,,,47,project-planning,,4888.851,197.026,5085.878,482.783,72.452,3585.41,3585.41,One measurable success criterion fared to quarterly say's campaign.,Suggest one measurable success criterion for the quarterly sales campaign.,,,5569.39,resp_2c80ffb55cbf461985ac86294709058f,completed,,424.214,283.824,1428.016,1911.528,3657.862,True,project-planning-06-turn-07,7,424.214,0.0,5569.39
4007.313,606.752,,"Here's a brief weekly check-in agenda: review progress, address blockers, confirm next steps.",202752,35,5269.986,4361.884,4361.884,project-planning-06,11.947,,,,56,project-planning,906.639,4614.065,209.622,4823.688,446.298,97.945,3841.154,3841.154,Create a brief weekly check in agenda for the quarterly saves campaign.,Create a brief weekly check-in agenda for the quarterly sales campaign.,,,5270.723,resp_b6375648e0c04c7c92cee216e634e1db,completed,517.48,389.158,68.214,884.588,1331.624,3939.099,True,project-planning-06-turn-08,8,389.158,0.0,5270.723
2226.422,2908.954,,"We trimmed scope for speed, reducing depth for broader reach. Quick wins over perfection.",239616,41,6003.75,4337.059,4337.059,project-planning-06,11.947,,,,59,project-planning,786.436,5135.377,253.965,5389.342,614.408,-1641.869,3810.709,3810.709,Summarized quarterly sales campaign plan and its trade offs.,Summarize the current quarterly sales campaign plan and its tradeoffs.,,,6004.304,resp_8f440ff8622b4a80a994dddd4e0c007c,completed,369.985,416.451,57.582,3220.502,3835.464,2168.841,True,project-planning-06-turn-09,9,416.451,0.0,6004.304
3066.41,744.462,,"We'll finalize today: approve the trimmed plan, assign roles, and set the participation goal.",220160,37,4463.166,3354.493,3354.493,project-planning-06,11.947,,,,55,project-planning,869.387,3810.871,199.301,4010.173,452.994,148.514,2830.57,2830.57,Decision about the quarterly says campaign mess today.,What decision about the quarterly sales campaign must happen today?,,,4464.136,resp_1e9ee829083f473f8d51024bfd60f026,completed,434.982,434.404,87.326,1031.089,1485.052,2979.084,True,project-planning-06-turn-10,10,434.404,0.0,4464.136
3963.701,616.3,,"Sure, I can help with that. Do you have your order number handy?",148480,26,5996.922,4281.236,4281.236,order-return-01,9.752,,,,48,order-return,975.383,4580.0,842.282,5422.282,574.641,120.708,3755.187,3755.187,I need help returning a winter jacket order at seven thousand three hundred.,I need help returning a winter jacket from order ORD-7300.,,,5998.107,resp_ef6922cc01eb4e37b831f616c9e3b0b4,completed,542.944,432.439,87.806,1546.387,2122.212,3875.895,True,order-return-01-turn-01,1,432.439,0.0,5998.107
2298.744,2417.84,,I'm sorry about the damaged jacket. Would you like help with a replacement?,211968,36,5519.684,3881.652,3881.652,order-return-01,9.752,,,,55,order-return,1088.503,4716.584,177.362,4893.946,625.738,-1166.702,3353.27,3353.27,"The winter jacket arrived, a crack part and I'd noticed it.","The winter jacket arrived with a cracked part, and I noticed it immediately.",,,5521.221,resp_3b1ed002b0764239962095ac0a3940d5,completed,672.28,416.223,112.177,2707.378,3334.654,2186.568,True,order-return-01-turn-02,2,416.223,0.0,5521.221
3275.625,608.205,,Got it. I'll check order7300 and start the return.,165888,28,4548.009,3595.863,3595.863,order-return-01,9.752,,,,47,order-return,1147.873,3883.83,0.978,3884.809,663.201,69.44,3070.925,3070.925,Order or seven thousand three hundred delivered three days ago.,Order ORD-7300 was delivered three days ago.,,,4548.59,resp_0a5dde3e1627478ab1b91a356c4e1d76,completed,759.186,388.687,135.26,744.443,1408.224,3140.366,True,order-return-01-turn-03,3,388.687,0.0,4548.59
1482.079,3879.221,,"Got it, I'll arrange a replacement for you instead of a refund.",149504,25,5899.377,4806.955,4806.955,order-return-01,9.752,,,,49,order-return,989.667,5361.301,194.773,5556.074,343.303,-2939.068,4278.639,4278.639,"F the winner jacket, I prefer a replacement instead of a refund.","For the winter jacket, I prefer a replacement instead of a refund.",,,5900.522,resp_06f071d57f7d4ea092c443e6fd2d0209,completed,547.997,441.67,142.508,4216.503,4560.951,1339.571,True,order-return-01-turn-04,4,441.67,0.0,5900.522
3173.074,924.053,,"Yes, please share your order number,7300, and I'll get started.",221184,36,4824.381,3431.465,3431.465,order-return-01,9.752,,,,53,order-return,954.772,4097.127,315.832,4412.959,411.422,107.519,2906.798,2906.798,Should I provide for order ort seven thousand three hundred.,What evidence should I provide for order ORD-7300?,,,4826.211,resp_22e71d7cfa6f4ba1a7c00c0d34afa012,completed,532.702,422.07,158.757,1398.642,1811.893,3014.318,True,order-return-01-turn-05,5,422.07,0.0,4826.211
3193.702,403.951,,That's fine. We'll still process the replacement for you.,115712,20,4298.492,3503.08,3503.08,order-return-01,9.752,,,,39,order-return,858.068,3597.653,239.397,3837.05,461.442,104.252,2976.444,2976.444,The winter jacket packaging is open but still available.,The winter jacket packaging is open but still available.,,,4300.292,resp_793aa17b91c34777ace304b0fe13b131,completed,434.179,423.888,113.006,756.354,1219.596,3080.696,True,order-return-01-turn-06,6,423.888,0.0,4300.292
3592.809,783.287,,"I'll confirm your order, send a return label, then ship the replacement once we receive the jacket.",208896,36,5036.321,3864.865,3864.865,order-return-01,9.752,,,,55,order-return,967.011,4376.096,195.051,4571.147,465.174,-1514.155,3339.334,3339.334,Explain the likely next step for the winter jacket return.,Explain the likely next step for the winter jacket return.,,,5037.278,resp_f80af504e3754e7d90fd2bcef3ca5f8d,completed,558.133,408.877,1767.63,2745.968,3212.099,1825.179,True,order-return-01-turn-07,7,408.877,0.0,5037.278
4080.688,876.598,,"Here's your message: ""Your replacement for order7300 is being arranged. Please use the prepaid label to return the jacket.""",389120,66,6120.749,4355.794,4355.794,order-return-01,9.752,,,,88,order-return,1187.322,4957.286,222.213,5179.499,941.25,137.683,3832.39,3832.39,Draft a short support message mentioning order at seven thousand three hundred.,Draft a short support message mentioning order ORD-7300.,,,6121.705,resp_806b354598db42e494f79d53e37365ce,completed,749.425,437.897,110.616,1209.427,2151.633,3970.073,True,order-return-01-turn-08,8,437.897,0.0,6121.705
3164.857,567.511,,"You'll return the damaged jacket with a prepaid label, and we'll send a replacement.",203776,34,4507.493,3450.938,3450.938,order-return-01,9.752,,,,52,order-return,888.187,3732.369,349.658,4082.026,425.467,109.537,2929.886,2929.886,Summarize the agreed return plan for the winter jacket.,Summarize the agreed return plan for the winter jacket.,,,4508.355,resp_6cf49702027449bf8361fb0a93f360a6,completed,458.949,429.238,125.435,1042.604,1468.932,3039.422,True,order-return-01-turn-09,9,429.238,0.0,4508.355
3591.003,787.389,,Please verify the return deadline for order7300. I'd recommend checking within30 days.,286720,48,5345.76,3945.5,3945.5,order-return-01,9.752,,,,69,order-return,850.326,4378.391,225.045,4603.437,742.323,93.987,3415.118,3415.118,Deadline should I verify for o ort seven thousand three hundred.,What deadline should I verify for order ORD-7300?,,,5347.137,resp_b896d1527c29469bac2a9783f7ab3f99,completed,433.213,417.113,81.898,1094.332,1838.032,3509.105,True,order-return-01-turn-10,10,417.113,0.0,5347.137
3499.604,800.607,,Great goal! I can help you plan a simple monthly savings target.,183296,32,5084.282,3811.517,3811.517,budget-coaching-02,7.396,,,,54,budget-coaching,911.563,4300.21,188.89,4489.1,595.182,-2240.299,3283.377,3283.377,Help me save for a bicycle over the next five months.,Help me save for a bicycle over the next 5 months.,,,5085.901,resp_7aea6b7841274261bbea6b7115d76901,completed,442.253,469.31,2456.526,3446.023,4042.824,1043.078,True,budget-coaching-02-turn-01,1,469.31,0.0,5085.901
2157.719,4981.602,,No problem. How much can you set aside monthly?,133120,23,7835.562,6329.503,6329.503,budget-coaching-02,7.396,,,,51,budget-coaching,983.303,7139.322,189.283,7328.604,506.958,-3731.062,5808.611,5808.611,"For my go the safe fur a bicycle, I can't set aside one hundred and fifty five dollars monthly.","For my goal to save for a bicycle, I can set aside 155 dollars monthly.",,,7836.509,resp_da5fca03e3594c88bb383f91b75646cf,completed,551.571,431.732,80.17,5251.055,5758.96,2077.549,True,budget-coaching-02-turn-02,2,431.732,0.0,7836.509
4566.172,784.552,,Start by reviewing your dining out and entertainment spending.,161792,28,5962.486,4791.969,4791.969,budget-coaching-02,7.396,,,,51,budget-coaching,786.32,5350.723,283.36,5634.083,328.403,-1832.924,4266.294,4266.294,Named the first expense category to review so I can save for a bicycle.,Name the first expense category to review so I can save for a bicycle.,,,5963.256,resp_6509b96145184c3a96a697bf8348c52f,completed,369.545,416.775,2132.801,3200.713,3529.885,2433.371,True,budget-coaching-02-turn-03,3,416.775,0.0,5963.256
4418.141,1027.139,,Try a weekly spending limit of fifty dollars for non-essentials.,145408,25,6182.947,4766.305,4766.305,budget-coaching-02,7.396,,,,49,budget-coaching,886.973,5445.28,402.4,5847.68,335.267,96.342,4245.91,4245.91,Give me a weekly spanning limit that supports my plan to save fare bicycle.,Give me a weekly spending limit that supports my plan to save for a bicycle.,,,6184.2,resp_e0569995ed9e47df9b9ff8e6b226bf5d,completed,476.543,410.43,75.889,1505.427,1841.947,4342.253,True,budget-coaching-02-turn-04,4,410.43,0.0,6184.2
2108.675,3168.136,,Let's adjust. How much is your annual insurance bill?,115712,23,6004.681,4907.734,4907.734,budget-coaching-02,7.396,,,,47,budget-coaching,974.697,5276.811,217.372,5494.183,510.498,-2394.029,4380.678,4380.678,I've forgotten annual insurance bill revised a plan to save for a bicycle.,I forgot an annual insurance bill; revise the plan to save for a bicycle.,,,6005.476,resp_10ab222edbdc4c19b41690476fb3cb7a,completed,560.839,413.858,122.026,3507.534,4018.828,1986.648,True,budget-coaching-02-turn-05,5,413.858,0.0,6005.476
3619.556,539.431,,Keeping your entertainment allowance is fine. Just make sure other categories cover the savings.,209920,35,4989.555,3895.897,3895.897,budget-coaching-02,7.396,,,,55,budget-coaching,1077.502,4158.986,194.932,4353.918,635.637,113.073,3368.21,3368.21,Keep pema entertainment allowance while I save for a bicycle.,Keep a small entertainment allowance while I save for a bicycle.,,,4990.892,resp_fdbd1e75b00b4bb6bfe05fb7e26c76fe,completed,672.927,404.575,138.273,872.635,1509.609,3481.283,True,budget-coaching-02-turn-06,6,404.575,0.0,4990.892
1729.389,3088.313,,Great idea. Set up an automatic transfer on payday to your savings account.,161792,28,5517.489,4151.653,4151.653,budget-coaching-02,7.396,,,,50,budget-coaching,876.398,4817.702,185.624,5003.326,514.163,-1999.786,3625.819,3625.819,One automatic transfer for the go to save for a bicycle.,Suggest one automatic transfer for the goal to save for a bicycle.,,,5518.204,resp_221d638b4dc848f6834d7d6e62017cf1,completed,440.084,436.314,103.356,3377.293,3892.171,1626.033,True,budget-coaching-02-turn-07,7,436.314,0.0,5518.204
3400.283,485.001,,Track your total savings and your monthly goal. That's enough.,173056,32,4746.436,3682.597,3682.597,budget-coaching-02,7.396,,,,50,budget-coaching,1164.963,3885.284,256.056,4141.34,605.097,88.027,3155.908,3155.908,Progress number should I track y IA for a bicycle?,What progress number should I track while I save for a bicycle?,,,4746.846,resp_ef19d90737be40b199e27c3226efe38c,completed,757.242,407.721,156.348,897.405,1502.911,3243.935,True,budget-coaching-02-turn-08,8,407.721,0.0,4746.846
2887.764,1525.552,,"Here's your plan: save monthly within your budget, keep entertainment, and track total and monthly progress.",281600,49,5213.57,3239.164,3239.164,budget-coaching-02,7.396,,,,66,budget-coaching,844.086,4413.316,191.288,4604.604,608.966,126.942,2712.975,2712.975,Summarize the monthly plan to save for a bicycle.,Summarize the monthly plan to save for a bicycle.,,,5214.96,resp_761a61c59ac24e25a9204edf38c92b51,completed,441.364,402.722,47.846,1764.686,2375.042,2839.918,True,budget-coaching-02-turn-09,9,402.722,0.0,5214.96
3408.453,944.229,,The biggest assumption is you can consistently set aside money each month.,191488,33,5017.266,3703.816,3703.816,budget-coaching-02,7.396,,,,51,budget-coaching,920.781,4352.682,229.31,4581.992,435.274,112.498,3183.487,3183.487,It's the biggest assumption in the plan to save for a bicycle.,What is the biggest assumption in the plan to save for a bicycle?,,,5018.022,resp_f54585f1d8b34a899e60fea5c7b37def,completed,531.345,389.436,112.468,1286.007,1722.037,3295.985,True,budget-coaching-02-turn-10,10,389.436,0.0,5018.022
2481.07,759.822,,Sounds fun! Let me quickly check a few top spots in Melbourne for you.,148480,28,3958.172,2839.864,2839.864,travel-planning-06,6.1,,,,44,travel-planning,935.146,3240.892,213.355,3454.247,503.925,109.711,2290.896,2290.896,Help me plan a three day trip to Melbourne.,Help me plan a 3-day trip to Melbourne.,,,3959.135,resp_5ddbc46943e1446ab2f86f5b3e062b73,completed,447.418,487.728,80.463,1053.64,1558.528,2400.607,True,travel-planning-06-turn-01,1,487.728,0.0,3959.135
1423.287,4895.877,,"I'll check some affordable options and keep the total near $1,775.",258048,49,7107.974,5908.171,5908.171,travel-planning-06,6.1,,,,76,travel-planning,1001.671,6319.164,185.234,6504.399,603.575,-4047.899,5383.814,5383.814,"For the Melbourne trip, keep my total budget near one thousand seven hundred and seventy five dollars.","For the Melbourne trip, keep my total budget near 1775 dollars.",,,7108.997,resp_ec2edde853ed4413aa3ee6424217a9f5,completed,546.514,455.157,87.373,5168.484,5773.083,1335.915,True,travel-planning-06-turn-02,2,455.157,0.0,7108.997
1524.093,11912.995,,"I'll look for historic streets and keep your total near $1,775.",240640,41,14164.65,4547.466,4547.466,travel-planning-06,6.1,,,,63,travel-planning,952.318,13437.088,193.774,13630.862,533.788,-2631.528,4023.395,4023.395,"On this Melbourne visit, I care most about quite historic streets.","On this Melbourne visit, I care most about quiet historic streets.",,,14165.171,resp_4136ec1799d040e79eee9f78d5cf7abd,completed,558.875,393.443,132.226,12238.995,12773.304,1391.867,True,travel-planning-06-turn-03,3,393.443,0.0,14165.171
2989.155,1242.897,,"The historic heart is the CBD and Carlton, with lanes like Degraves Street and the Royal Arcade.",292864,50,5037.564,3275.155,3275.155,travel-planning-06,6.1,,,,67,travel-planning,1025.53,4232.051,214.904,4446.955,590.608,157.607,2755.323,2755.323,Which neighbourhood and Melbourne best fits that preference?,Which neighborhood in Melbourne best fits that preference?,,,5039.763,resp_ff9e9030349e4a18b4b5585e19c6d216,completed,642.108,383.422,76.225,1534.026,2126.834,2912.93,True,travel-planning-06-turn-04,4,383.422,0.0,5039.763
2807.135,1158.534,,"Start with coffee at Degraves Street, then stroll the Royal Arcade and old laneways nearby.",225280,37,4679.361,3115.764,3115.764,travel-planning-06,6.1,,,,53,travel-planning,1099.463,3965.669,234.798,4200.467,478.894,72.335,2591.529,2591.529,Give me a simple first morning plan for Melbourne.,Give me a simple first-morning plan for Melbourne.,,,4679.959,resp_3e79649728a84b4ba98e83a6eaf4da7b,completed,691.134,408.329,143.272,1536.604,2016.096,2663.863,True,travel-planning-06-turn-05,5,408.329,0.0,4679.959
3293.317,860.408,,"For a relaxed day two, try a slow morning at Carlton's cafes, then wander Fitzroy's historic streets at your own pace.",281600,48,4927.177,3556.154,3556.154,travel-planning-06,6.1,,,,66,travel-planning,978.632,4153.725,200.528,4354.253,572.924,131.439,3033.677,3033.677,Make the second day in Melbourne less rushed than the first.,Make the second day in Melbourne less rushed than the first.,,,4927.752,resp_db02562b146f47b68b856e9abf496219,completed,543.428,435.204,128.201,1189.137,1762.635,3165.116,True,travel-planning-06-turn-06,6,435.204,0.0,4927.752
2930.621,648.294,,I'll find a good indoor option for a rainy day in Melbourne.,137216,24,4182.093,3253.458,3253.458,travel-planning-06,6.1,,,,40,travel-planning,962.298,3578.915,219.914,3798.828,383.265,97.253,2732.275,2732.275,One rainy day alternative yn in membourne.,Suggest one rainy-day alternative while I am in Melbourne.,,,4183.249,resp_fc237e7125644182b3dc07b5ab9ebdfd,completed,546.255,416.043,101.093,969.301,1353.722,2829.527,True,travel-planning-06-turn-07,7,416.043,0.0,4183.249
2537.458,979.346,,Prioritize the historic laneways and arcades; they're unique and fit your love of old streets.,308224,52,4397.071,2852.436,2852.436,travel-planning-06,6.1,,,,66,travel-planning,955.872,3516.804,184.692,3701.496,695.575,97.772,2321.267,2321.267,Loofu should I prioritize in Melbourne?,What local food should I prioritize in Melbourne?,,,4397.769,resp_0db3c3b0d34c48a2a49a53d55cbcb9ea,completed,554.089,401.783,118.419,1282.457,1978.73,2419.039,True,travel-planning-06-turn-08,8,401.783,0.0,4397.769
2918.3,1033.806,,"Here's your plan: day one explores laneway history, day two is relaxed in Carlton and Fitzroy, and a rainy-day backup covers indoor sights. Budget stays near $1,775.",585728,102,5555.929,3282.591,3282.591,travel-planning-06,6.1,,,,120,travel-planning,866.901,3952.106,232.116,4184.222,1371.707,91.586,2757.154,2757.154,Summarize my Melbourne plan and three short points.,Summarize my Melbourne plan in three short points.,,,5557.027,resp_6eafbbe9e06f486f86d09fdedc3b6861,completed,454.508,412.393,69.56,1335.482,2708.288,2848.74,True,travel-planning-06-turn-09,9,412.393,0.0,5557.027
2289.157,1283.212,,"Book accommodation first, then any must-do historic walks or tours.",161792,30,4188.269,2616.149,2616.149,travel-planning-06,6.1,,,,43,travel-planning,1017.318,3572.369,219.652,3792.022,396.247,116.979,2090.358,2090.358,Should I book first for a Melbourne trip?,What should I book first for the Melbourne trip?,,,4194.082,resp_b4c7e7e408a54eeb94ba08f1d38ff379,completed,600.103,417.215,81.82,1584.685,1986.745,2207.337,True,travel-planning-06-turn-10,10,417.215,0.0,4194.082
3638.234,1172.14,,"Here's a ten-week plan: weeks one and two for planning, weeks three through eight for packing and setup, and weeks nine and ten for the move and final checks.",369664,61,5793.271,3911.988,3911.988,project-planning-07,6.691,,,,80,project-planning,981.043,4810.374,215.462,5025.836,767.435,128.815,3388.387,3388.387,Help me structure a office relocation a ten week deadline.,Help me structure a office relocation with a 10-week deadline.,,,5794.457,resp_f98a8d703c944518a15cdd5f6e0e7381,completed,491.056,489.987,121.032,1508.634,2277.255,3517.202,True,project-planning-07-turn-01,1,489.987,0.0,5794.457
3076.476,849.538,,"Got it. I'll structure the plan so all three team members have clear, non-overlapping roles.",277504,47,4814.845,3321.04,3321.04,project-planning-07,6.691,,,,65,project-planning,1035.071,3926.015,0.983,3926.998,887.847,109.751,2797.479,2797.479,The office relocation team has three people mixed.,The office relocation team has 3 people with mixed experience.,,,4815.685,resp_176e6d34f35c4069ab7d47654986ab2d,completed,611.729,423.343,169.246,1019.768,1908.455,2907.231,True,project-planning-07-turn-02,2,423.343,0.0,4815.685
3227.149,1012.128,,The first milestone is finalizing the relocation plan and securing the new lease.,203776,35,4897.748,3526.485,3526.485,project-planning-07,6.691,,,,53,project-planning,861.361,4239.277,230.061,4469.338,428.41,117.813,3002.259,3002.259,Named the first milestone f the office relocation.,Name the first milestone for the office relocation.,,,4900.989,resp_06978b6000a84810ad2cd36d94b68a41,completed,444.749,416.613,107.077,1349.266,1780.917,3120.072,True,project-planning-07-turn-03,3,416.613,0.0,4900.989
3329.458,1106.305,,"The biggest risk is vendor delays, so I recommend booking moving and IT services early.",195584,34,5085.254,3664.02,3664.02,project-planning-07,6.691,,,,53,project-planning,925.673,4435.763,217.272,4653.034,432.22,120.902,3140.843,3140.843,List the biggest schedule risk for the office relocation.,List the biggest schedule risk for the office relocation.,,,5086.826,resp_1240e8be119043d89229c9949243c507,completed,501.509,424.164,67.713,1391.289,1825.081,3261.745,True,project-planning-07-turn-04,4,424.164,0.0,5086.826
4550.217,560.964,,Cut the scope by delaying furniture upgrades and non-essential renovations until after the move.,225280,38,5821.17,4891.352,4891.352,project-planning-07,6.691,,,,54,project-planning,1222.874,5111.181,218.668,5329.848,491.322,-2572.042,4361.93,4361.93,Reduce the inita office relocation scope by about twenty percent.,Reduce the initial office relocation scope by about twenty percent.,,,5821.862,resp_c610dba2ba574cf09d64c7b74405dd19,completed,795.185,427.689,2760.329,3539.96,4031.974,1789.888,True,project-planning-07-turn-05,5,427.689,0.0,5821.862
4088.924,759.11,,"I'll assign one person to handle vendors, one to manage packing, and one to lead IT setup.",245760,44,5576.739,4261.521,4261.521,project-planning-07,6.691,,,,63,project-planning,907.175,4848.034,192.403,5040.436,536.302,-1220.324,3738.234,3738.234,Assign cle roses for the smaller office relocation plan.,Assign clear roles for the smaller office relocation plan.,,,5577.896,resp_233692caaaf4409593dda9b4a9843267,completed,499.477,407.698,1571.014,2522.526,3059.986,2517.91,True,project-planning-07-turn-06,6,407.698,0.0,5577.896
3837.326,1035.098,,A measurable goal is completing the move and full IT setup within five business days.,227328,42,5584.944,4069.134,4069.134,project-planning-07,6.691,,,,61,project-planning,1096.142,4872.424,223.937,5096.362,488.582,97.702,3544.238,3544.238,One measurable success criteria for the office relocation.,Suggest one measurable success criterion for the office relocation.,,,5585.935,resp_8482d97247bf421faa6022a002569a5a,completed,658.672,437.47,195.387,1454.422,1943.996,3641.939,True,project-planning-07-turn-07,7,437.47,0.0,5585.935
3698.869,701.999,,"Here's a brief agenda: review progress, address blockers, and confirm next week's tasks.",232448,40,5113.706,4024.051,4024.051,project-planning-07,6.691,,,,60,project-planning,962.815,4400.868,216.265,4617.134,496.572,91.281,3495.178,3495.178,Create a brief weekly check in agenda for the office relocation.,Create a brief weekly check-in agenda for the office relocation.,,,5115.317,resp_84ff58f21cc84f429bf8fdb58283235f,completed,544.846,417.968,112.41,1030.675,1528.857,3586.459,True,project-planning-07-turn-08,8,417.968,0.0,5115.317
3833.223,741.112,,"The plan prioritizes speed and a core scope, trading off some comfort and upgrades for a smoother ten-week move.",287744,51,5484.159,4062.639,4062.639,project-planning-07,6.691,,,,71,project-planning,849.766,4574.334,318.885,4893.219,590.94,-1433.965,3542.469,3542.469,Summarize the office relocation plan and its tradeoffs.,Summarize the current office relocation plan and its tradeoffs.,,,5485.554,resp_09fcc300c3044eccaccc9acc33f48b11,completed,439.364,410.402,1724.718,2784.715,3377.049,2108.504,True,project-planning-07-turn-09,9,410.402,0.0,5485.554
2831.658,758.969,,Let's finalize the relocation date and confirm the vendor contracts today.,153600,31,4222.153,3166.175,3166.175,project-planning-07,6.691,,,,48,project-planning,771.107,3590.628,214.919,3805.547,416.606,146.197,2640.221,2640.221,Decision about the office relocation mess today.,What decision about the office relocation must happen today?,,,4223.015,resp_ea06f235d39240839813258e7520230f,completed,384.118,386.989,45.241,1019.129,1436.598,2786.418,True,project-planning-07-turn-10,10,386.989,0.0,4223.015
5046.315,613.786,,I can help with that. What's the easiest way to reach you for confirmation?,173056,31,6265.868,5334.34,5334.34,order-return-02,7.675,,,,58,order-return,970.282,5660.101,1.52,5661.621,604.247,117.518,4808.646,4808.646,I need help returning a coffee grinder order at seven thousand three hundred thirty seven.,I need help returning a coffee grinder from order ORD-7337.,,,6266.605,resp_ebfb71ada8214fee9ca5e405e24956d7,completed,540.381,429.901,120.15,735.456,1340.44,4926.165,True,order-return-02-turn-01,1,429.901,0.0,6266.605
2359.57,1906.325,,"Got it, you want to return it. What's your order number or email for confirmation?",197632,38,5219.421,3879.658,3879.658,order-return-02,7.675,,,,57,order-return,868.185,4265.895,220.726,4486.621,732.8,-1103.111,3350.522,3350.522,The coffee grinder arrived in the size and I'd noticed it.,"The coffee grinder arrived in the wrong size, and I noticed it immediately.",,,5220.291,resp_3e85a38c8a964d7489474a59d5df219e,completed,481.949,386.236,112.159,2239.21,2972.88,2247.411,True,order-return-02-turn-02,2,386.236,0.0,5220.291
4025.614,852.46,,Let me look up order7337. One moment please.,145408,27,5655.326,4336.086,4336.086,order-return-02,7.675,,,,50,order-return,813.714,4878.074,231.88,5109.954,545.373,108.271,3812.415,3812.415,Order or seven thousand three hundred thirty seven delivered three days ago.,Order ORD-7337 was delivered three days ago.,,,5657.086,resp_249d49f5e04a4128a675754a76efe326,completed,385.443,428.271,104.928,1189.267,1736.399,3920.687,True,order-return-02-turn-03,3,428.271,0.0,5657.086
1599.824,3894.528,,I'll check if a replacement is available for order7337.,155648,29,6080.011,5100.669,5100.669,order-return-02,7.675,,,,46,order-return,909.035,5494.352,216.537,5710.889,369.122,-3039.356,4578.801,4578.801,"Fer the coffee grinder, I prefer a replacement instead of a refund.","For the coffee grinder, I prefer a replacement instead of a refund.",,,6080.775,resp_522978253cb148c99ec25cff16f8d145,completed,474.815,434.22,60.379,4171.444,4541.33,1539.445,True,order-return-02-turn-04,4,434.22,0.0,6080.775
3810.679,741.592,,A replacement is available. I'll start the process for order7337 now.,211968,39,5400.065,4077.347,4077.347,order-return-02,7.675,,,,60,order-return,869.003,4552.271,180.688,4732.958,667.107,110.924,3557.368,3557.368,"Hi, ii provide for order ort seven thousand three hundred thirty seven.",What evidence should I provide for order ORD-7337?,,,5401.191,resp_d6dd67b70ecd4dab9134cbb525467dd9,completed,474.826,394.177,142.388,1064.667,1732.9,3668.291,True,order-return-02-turn-05,5,394.177,0.0,5401.191
3186.726,982.548,,That's fine. I'll arrange the replacement and send you return instructions shortly.,197632,40,4959.537,3524.632,3524.632,order-return-02,7.675,,,,59,order-return,867.905,4169.275,0.721,4169.996,789.541,111.07,2996.758,2996.758,The coffee grinder packaging is open but still available.,The coffee grinder packaging is open but still available.,,,4960.274,resp_40440aaaa2e74d1faf450e5741bb9cdb,completed,437.724,430.182,78.898,1062.168,1852.446,3107.828,True,order-return-02-turn-06,6,430.182,0.0,4960.274
3438.637,739.094,,"We'll send a return label, you ship it back, and we'll ship the replacement after receiving it.",209920,37,4825.007,3825.88,3825.88,order-return-02,7.675,,,,43,order-return,,4177.731,219.688,4397.419,427.588,93.438,3287.409,3287.409,Explain the likely next step for the coffee grinder return.,Explain the likely next step for the coffee grinder return.,,,4825.72,resp_b891ca3dfd2e44f69d36e677b0ef0487,completed,,434.501,57.79,1016.572,1444.873,3380.847,True,order-return-02-turn-07,7,434.501,0.0,4825.72
4829.805,569.526,,"Here's your message: ""Thanks for your help with order7337. I'd like a replacement for the coffee grinder, please.""",301056,54,6380.509,5108.174,5108.174,order-return-02,7.675,,,,80,order-return,925.588,5399.331,198.22,5597.551,782.958,114.383,4586.696,4586.696,Draft a short support message mentioning order at seven thousand three hundred thirty seven.,Draft a short support message mentioning order ORD-7337.,,,6381.354,resp_210c20007a8e4f58b8030dbc280dd4e2,completed,511.244,414.344,128.726,896.471,1680.274,4701.079,True,order-return-02-turn-08,8,414.344,0.0,6381.354
3312.154,11205.76,,"Return the grinder, then we'll ship your replacement for order7337.",196608,36,15165.305,3583.394,3583.394,order-return-02,7.675,,,,53,order-return,1180.718,14517.914,203.94,14721.854,443.45,80.621,3060.561,3060.561,Summarize the agreed return plan for the coffee grinder.,Summarize the agreed return plan for the coffee grinder.,,,15166.406,resp_c4244fcd99564f52bba597cb20fa6af2,completed,746.468,434.249,170.973,11580.673,12025.225,3141.182,True,order-return-02-turn-09,9,434.249,0.0,15166.406
4275.179,718.152,,Let me check the return deadline for order7337.,157696,27,5544.812,4554.986,4554.986,order-return-02,7.675,,,,50,order-return,874.952,4993.331,178.793,5172.124,372.688,117.626,4030.147,4030.147,Deadline should have verified for order ort seven thousand three hundred thirty seven.,What deadline should I verify for order ORD-7337?,,,5545.594,resp_259c2c02086a4c9686b19e653c51d41b,completed,450.063,424.889,127.407,1024.352,1397.822,4147.772,True,order-return-02-turn-10,10,424.889,0.0,5545.594
3655.798,535.848,,I'd be glad to help with that. Could you tell me your main spending categories?,176128,32,4969.286,3890.389,3890.389,budget-coaching-03,8.278,,,,50,budget-coaching,1249.038,4191.646,200.975,4392.62,576.665,122.115,3360.532,3360.532,Help me reduce done in expenses over the next six months.,Help me reduce dining expenses over the next 6 months.,,,4970.07,resp_72a6ad0ecf4b48d49cb37323db2ad8e1,completed,752.654,496.384,173.151,909.974,1487.423,3482.647,True,budget-coaching-03-turn-01,1,496.384,0.0,4970.07
2535.313,4181.157,,"Great, that's a solid plan. Setting aside190 monthly can save you over a thousand dollars in six months.",259072,44,7661.416,6285.707,6285.707,budget-coaching-03,8.278,,,,74,budget-coaching,915.174,6716.47,185.621,6902.091,759.325,-3312.745,5757.596,5757.596,"For my go to reduce dining expenses, I can set aside one hundred and ninety dollars monthly.","For my goal to reduce dining expenses, I can set aside 190 dollars monthly.",,,7662.322,resp_cb550fefc9f6465383d1c337116f558a,completed,442.841,472.332,90.461,4457.24,5217.471,2444.852,True,budget-coaching-03-turn-02,2,472.332,0.0,7662.322
4982.615,1113.47,,"Review categories like delivery apps, coffee, lunches, snacks, groceries, and subscriptions. Start with those first.",317440,56,7027.498,5248.604,5248.604,budget-coaching-03,8.278,,,,82,budget-coaching,858.124,6096.085,222.752,6318.837,708.661,-2299.923,4723.643,4723.643,Name the firsttens category to review so I can reduce dining expenses.,Name the first expense category to review so I can reduce dining expenses.,,,7028.542,resp_82e789ec7a6243ca85c1acd5ed8672a7,completed,423.963,434.161,2558.894,3895.117,4604.821,2423.721,True,budget-coaching-03-turn-03,3,434.161,0.0,7028.542
5132.349,634.532,,A weekly dining limit of about forty-five dollars supports your one hundred ninety monthly goal nicely.,287744,48,6553.966,5369.636,5369.636,budget-coaching-03,8.278,,,,63,budget-coaching,4127.162,5766.881,187.751,5954.632,599.334,-2050.968,4850.166,4850.166,Give me a weekly spending limit that supports my plan to reduce dining expenses.,Give me a weekly spending limit that supports my plan to reduce dining expenses.,,,6554.793,resp_9f47318edcb84665a464317d95cda791,completed,3700.364,426.798,2333.151,3155.434,3755.595,2799.198,True,budget-coaching-03-turn-04,4,426.798,0.0,6554.793
2044.698,3714.582,,"Since your insurance is annual, your monthly dining savings stay the same. Budget around it separately.",229376,39,6618.636,5269.254,5269.254,budget-coaching-03,8.278,,,,64,budget-coaching,934.272,5759.28,221.374,5980.654,637.982,-2789.962,4745.417,4745.417,I've forgotten annual insurance bill revised the plan to reduce dining expenses.,I forgot an annual insurance bill; revise the plan to reduce dining expenses.,,,6619.622,resp_0bd7cb66a5c14e3695f0802cf2eff71f,completed,541.89,392.381,89.243,4025.198,4664.167,1955.455,True,budget-coaching-03-turn-05,5,392.381,0.0,6619.622
4069.902,1061.282,,A smart entertainment allowance helps balance your budget without derailing your dining savings goal.,221184,37,5827.55,4352.972,4352.972,budget-coaching-03,8.278,,,,58,budget-coaching,1051.432,5131.184,188.155,5319.339,508.211,125.372,3824.793,3824.793,Keep a smart entertainment allowance why I reduced dining expenses.,Keep a small entertainment allowance while I reduce dining expenses.,,,5827.853,resp_0fe820fca9a447f6ae3d3ac111a60b2a,completed,666.552,384.88,119.737,1369.174,1877.688,3950.165,True,budget-coaching-03-turn-06,6,384.88,0.0,5827.853
4298.755,918.022,,Scheduling one automatic transfer monthly makes saving toward your dining expense goal effortless.,221184,41,6031.785,4605.912,4605.912,budget-coaching-03,8.278,,,,65,budget-coaching,884.134,5216.776,241.348,5458.125,573.66,-2341.531,4071.557,4071.557,One automatic transfer for the goal to reduced dining expenses.,Suggest one automatic transfer for the goal to reduce dining expenses.,,,6034.07,resp_e9adf1565e7d4623a0919da833030fce,completed,445.296,438.838,2568.729,3728.099,4304.044,1730.026,True,budget-coaching-03-turn-07,7,438.838,0.0,6034.07
3973.188,935.311,,Track your monthly dining total. Aim to stay at or under one hundred ninety dollars.,248832,42,5947.348,4245.373,4245.373,budget-coaching-03,8.278,,,,64,budget-coaching,853.309,4908.499,222.141,5130.64,816.708,135.931,3716.055,3716.055,Progress number should I track why I reduce dining expenses?,What progress number should I track while I reduce dining expenses?,,,5948.637,resp_c1ef16fc8523494fbdd902edec9f64b3,completed,448.926,404.382,121.202,1278.654,2096.651,3851.986,True,budget-coaching-03-turn-08,8,404.382,0.0,5948.637
3507.031,690.782,,"Set a190 monthly dining limit, spend45 weekly, and automate transfers to stay on track.",280576,46,4987.488,3806.52,3806.52,budget-coaching-03,8.278,,,,64,budget-coaching,891.312,4197.813,197.77,4395.583,591.905,110.858,3281.45,3281.45,Summarize the monthly plan to reduce dining expenses.,Summarize the monthly plan to reduce dining expenses.,,,4988.258,resp_433ae866926343c49a445a4485cedc96,completed,480.422,410.89,114.723,1003.275,1595.95,3392.308,True,budget-coaching-03-turn-09,9,410.89,0.0,4988.258
3720.008,565.32,,The biggest assumption is that you consistently stick to the weekly limit each month.,203776,34,4913.265,4002.902,4002.902,budget-coaching-03,8.278,,,,56,budget-coaching,935.511,4285.328,204.403,4489.731,423.534,130.164,3477.865,3477.865,Is the biggest assumption in the plan to reduce dining expenses.,What is the biggest assumption in the plan to reduce dining expenses?,,,4914.411,resp_699431be7868498885560264fce162f2,completed,523.156,412.355,111.98,881.703,1306.383,3608.028,True,budget-coaching-03-turn-10,10,412.355,0.0,4914.411
2371.739,553.418,,Great! Where are you thinking of heading?,116736,20,3533.844,2508.233,2508.233,travel-planning-07,27.422,,,,27,travel-planning,,2925.157,184.851,3110.008,423.836,113.468,1985.555,1985.555,Hap me plan a4 day trip two.,Help me plan a 4-day trip to Seoul.,,,3537.0,resp_62f0124bc6eb49c3a46f6a853a568111,completed,,489.365,272.715,1010.984,1437.977,2099.024,True,travel-planning-07-turn-01,1,489.365,0.0,3537.0
4284.369,11462.711,,"Got it, under nineteen fifty. Any destination in mind?",157696,27,16654.268,4543.516,4543.516,travel-planning-07,27.422,,,,47,travel-planning,2641.541,15747.081,344.971,16092.051,562.217,-3165.572,4015.718,4015.718,For the trip keep my to budget near nineteen fifty dollars.,"For the Seoul trip, keep my total budget near 1950 dollars.",,,16655.061,resp_3d07040be53d411ea2ea67d540e594f2,completed,2187.041,454.5,3434.223,15241.905,15804.915,850.146,True,travel-planning-07-turn-02,2,454.5,0.0,16655.061
1117.813,13723.452,,"Got it, modern architecture is the priority. I'll keep that in mind.",153600,27,15693.216,3868.035,3868.035,travel-planning-07,27.422,,,,48,travel-planning,973.593,14841.265,204.558,15045.824,647.393,-2328.334,3343.616,3343.616,"On this visit, I care most about modern architecture.","On this Seoul visit, I care most about modern architecture.",,,15694.173,resp_ac12462371fd468281569337d76cefd1,completed,556.978,416.616,102.532,14030.542,14678.892,1015.281,True,travel-planning-07-turn-03,3,416.616,0.0,15694.173
2674.626,728.462,,"For you, I'd suggest the West Loop or River North. Both are packed with modern architecture.",237568,41,4359.844,2973.313,2973.313,travel-planning-07,27.422,,,,57,travel-planning,968.945,3403.088,204.727,3607.815,752.029,112.832,2444.865,2444.865,Which neighborhoodigh I best fits that preference?,Which neighborhood in Seoul best fits that preference?,,,4360.801,resp_97c46ab836db4a6c9c6243f4723d73a9,completed,561.23,407.715,116.928,1050.118,1803.103,2557.697,True,travel-planning-07-turn-04,4,407.715,0.0,4360.801
2393.946,634.456,,"Start with a morning walk through River North's modern buildings, then grab coffee nearby.",182272,31,3644.405,2734.289,2734.289,travel-planning-07,27.422,,,,45,travel-planning,906.124,3028.402,192.281,3220.683,423.723,72.008,2211.274,2211.274,Give me a simple first morning plan for.,Give me a simple first-morning plan for Seoul.,,,3645.035,resp_4f3c446ab28d4a829ef7664c0cc3aa25,completed,489.077,417.047,110.664,937.401,1361.753,2283.282,True,travel-planning-07-turn-05,5,417.047,0.0,3645.035
2935.687,1141.661,,"Day two, take a slow morning, then a relaxed architecture walk in the afternoon.",200704,33,4823.04,3246.005,3246.005,travel-planning-07,27.422,,,,49,travel-planning,982.236,4077.348,238.298,4315.647,507.394,109.888,2724.92,2724.92,Make the second day in less rush than the first.,Make the second day in Seoul less rushed than the first.,,,4824.082,resp_dc3821d8794f40bb9f7efaa13549b88e,completed,556.579,425.657,100.879,1480.839,1989.275,2834.808,True,travel-planning-07-turn-06,6,425.657,0.0,4824.082
2746.755,574.76,,"For a rainy day, try the Architecture Center or an indoor museum instead.",191488,32,3912.107,3024.749,3024.749,travel-planning-07,27.422,,,,48,travel-planning,914.086,3321.515,188.306,3509.82,402.287,98.186,2501.708,2501.708,One rainy day alternative why im in!,Suggest one rainy-day alternative while I am in Seoul.,,,3912.83,resp_c2a21ec439c44741b97b1a66b164121d,completed,503.252,410.834,146.86,909.925,1312.935,2599.895,True,travel-planning-07-turn-07,7,410.834,0.0,3912.83
2250.052,541.231,,Got it. I'll lean indoors and keep your budget in mind for the trip.,169984,29,3444.713,2492.076,2492.076,travel-planning-07,27.422,,,,42,travel-planning,1161.881,2791.283,1.055,2792.339,652.374,87.032,1967.341,1967.341,"Loou sure, I prioritize in.",What local food should I prioritize in Seoul?,,,3446.451,resp_e0272daaa2c540129ea6e97be2f57f0e,completed,732.365,429.516,195.679,737.965,1392.078,2054.373,True,travel-planning-07-turn-08,8,429.516,0.0,3446.451
2675.299,684.604,,"Day one, fast modern architecture walk. Day two, relaxed pace. Rainy backup, indoor spots.",266240,46,4561.162,2921.191,2921.191,travel-planning-07,27.422,,,,62,travel-planning,952.855,3359.903,201.849,3561.753,999.41,124.071,2387.71,2387.71,Summarize my plan in three short points.,Summarize my Seoul plan in three short points.,,,4561.955,resp_44bfe1e1fec54b699c180a9f5cdaf062,completed,537.96,414.895,163.518,1049.972,2050.174,2511.781,True,travel-planning-07-turn-09,9,414.895,0.0,4561.955
1804.692,753.348,,Book the big things first—flight and hotel. Then plan daily activities.,179200,31,3307.755,2139.635,2139.635,travel-planning-07,27.422,,,,44,travel-planning,834.128,2558.04,195.765,2753.805,553.95,113.901,1611.206,1611.206,Should I book first for the trip?,What should I book first for the Seoul trip?,,,3310.374,resp_62aa28457fa7497a9648e889b0cfa68c,completed,430.255,403.873,79.585,1028.698,1585.267,1725.107,True,travel-planning-07-turn-10,10,403.873,0.0,3310.374
2772.172,866.636,,"I need a bit more detail. What data are you working with, and what's the goal?",214016,37,4473.424,3151.076,3151.076,project-planning-08,8.556,,,,54,project-planning,941.961,3638.808,195.422,3834.23,639.194,79.223,2622.229,2622.229,Have me structure a data eleven week deadline.,Help me structure a data quality cleanup with a 11-week deadline.,,,4474.174,resp_efaee6956f314570b107a56d0675feb3,completed,463.569,478.391,70.72,1132.778,1772.722,2701.452,True,project-planning-08-turn-01,1,478.391,0.0,4474.174
2156.668,407.873,,"Got it. Let's start with week one, focusing on cleaning and organizing the Pipa dataset. Does that work?",250880,42,3611.911,2444.745,2444.745,project-planning-08,8.556,,,,57,project-planning,983.329,2564.541,13.409,2577.95,1033.961,98.365,1921.728,1921.728,The data team has for Pipa mixed.,The data quality cleanup team has 4 people with mixed experience.,,,3613.378,resp_404b88a28efe414788ad1514e7945c30,completed,557.253,426.076,136.576,557.858,1593.286,2020.092,True,project-planning-08-turn-02,2,426.076,0.0,3613.378
2442.57,836.406,,I'll mark Week One as milestone FD Data. What's next on your list?,185344,33,4045.787,2707.231,2707.231,project-planning-08,8.556,,,,46,project-planning,1178.089,3278.976,191.843,3470.819,574.968,119.814,2179.817,2179.817,Named the first mestone fd data.,Name the first milestone for the data quality cleanup.,,,4046.621,resp_b1476c5c1bd4402ba4219f25eed18a9d,completed,771.857,406.232,142.939,1171.188,1746.99,2299.631,True,project-planning-08-turn-03,3,406.232,0.0,4046.621
2587.17,709.589,,"The biggest risk is the unknown quality of the Pipa data, which could cause delays in cleaning.",233472,39,3973.547,2818.502,2818.502,project-planning-08,8.556,,,,53,project-planning,1148.016,3296.759,199.073,3495.832,477.715,126.071,2292.581,2292.581,List the biggest schedule risk for the data.,List the biggest schedule risk for the data quality cleanup.,,,3974.345,resp_311d7f046ad0476c80744e35869b6c94,completed,722.209,425.807,168.518,1077.18,1555.692,2418.652,True,project-planning-08-turn-04,4,425.807,0.0,3974.345
3338.937,817.429,,"I'll cut the initial scope by twenty percent, focusing on only the highest priority data points.",228352,38,4831.825,3681.44,3681.44,project-planning-08,8.556,,,,55,project-planning,980.584,4156.366,209.896,4366.262,465.563,89.504,3157.401,3157.401,Reduce the inita data scope by about twenty percent.,Reduce the initial data quality cleanup scope by about twenty percent.,,,4833.158,resp_51dea23220034430a8c5d850d6a138b7,completed,539.865,440.718,92.032,1119.357,1586.253,3246.905,True,project-planning-08-turn-05,5,440.718,0.0,4833.158
2933.372,1074.036,,I'll need to adjust the workload among the team based on this smaller data plan.,184320,31,4565.718,3225.14,3225.14,project-planning-08,8.556,,,,47,project-planning,904.536,4007.408,186.675,4194.083,371.635,96.314,2703.23,2703.23,Assign queer rows for the smaller data plan.,Assign clear roles for the smaller data quality cleanup plan.,,,4566.712,resp_81354f2b2e0d4a30a9e48d182be82f09,completed,477.054,427.482,133.828,1394.539,1767.168,2799.544,True,project-planning-08-turn-06,6,427.482,0.0,4566.712
2791.307,1082.99,,A measurable success criterion is completing data cleaning and validation for the reduced scope by week eight.,264192,44,4674.261,3101.383,3101.383,project-planning-08,8.556,,,,60,project-planning,890.776,3874.296,220.837,4095.133,579.128,114.465,2576.093,2576.093,One measurable success criterion for the data.,Suggest one measurable success criterion for the data quality cleanup.,,,4675.388,resp_6919eb39c780457d94ad2afcf11ffd8e,completed,481.794,408.982,100.748,1404.574,1984.829,2690.559,True,project-planning-08-turn-07,7,408.982,0.0,4675.388
2996.456,544.09,,"Sure. The agenda: progress, roadblocks, and next steps.",172032,30,4343.348,3253.923,3253.923,project-planning-08,8.556,,,,48,project-planning,870.21,3540.546,241.846,3782.392,560.956,118.843,2735.34,2735.34,Create a brief weekly check in agenda for the data.,Create a brief weekly check-in agenda for the data quality cleanup.,,,4344.444,resp_5ab9e8e95dfd4c7d9361797fda450630,completed,441.001,429.21,142.273,928.208,1490.261,2854.183,True,project-planning-08-turn-08,8,429.21,0.0,4344.444
2680.186,1007.832,,You have an11-week plan. Tradeoffs: a20% scope cut reduces coverage but lowers quality risk.,375808,63,4764.863,2966.373,2966.373,project-planning-08,8.556,,,,78,project-planning,974.898,3688.018,173.203,3861.221,903.642,108.969,2442.606,2442.606,Summarize the data plan and its tradeoffs.,Summarize the current data quality cleanup plan and its tradeoffs.,,,4765.737,resp_f1c055e8360548e8b26af5e9ba50fbb6,completed,517.145,457.753,128.611,1309.646,2214.162,2551.575,True,project-planning-08-turn-09,9,457.753,0.0,4765.737
2052.442,997.771,,"Let's decide on the data cleanup plan today, focusing on the scope reduction we discussed.",187392,32,3640.003,2437.734,2437.734,project-planning-08,8.556,,,,45,project-planning,862.807,3050.212,187.654,3237.867,402.136,90.194,1905.267,1905.267,Decision about the data mess today.,What decision about the data quality cleanup must happen today?,,,3640.59,resp_8949824628e6461e8bcc3e6123ac4eb8,completed,430.126,432.681,56.98,1242.405,1645.128,1995.461,True,project-planning-08-turn-10,10,432.681,0.0,3640.59
4668.853,892.338,,I'll help you with that return. What's the order number?,124928,22,6228.423,4949.715,4949.715,order-return-03,9.666,,,,47,order-return,1052.533,5561.191,222.321,5783.512,444.912,97.106,4424.117,4424.117,I need help returning a desk chair order at seven thousand three hundred and seventy four.,I need help returning a desk chair from order ORD-7374.,,,6229.04,resp_5864112b6ec34ae4b353dad4d6b68803,completed,629.498,423.034,147.63,1262.288,1707.817,4521.224,True,order-return-03-turn-01,1,423.034,0.0,6229.04
2570.7,2195.01,,I'll check your order for the missing accessory. What's the item you're missing?,188416,32,5493.639,4091.837,4091.837,order-return-03,9.666,,,,52,order-return,878.082,4765.71,209.348,4975.058,518.581,-1139.777,3568.982,3568.982,The desk chair arrived missing an accessory and I noticed it.,"The desk chair arrived missing an accessory, and I noticed it immediately.",,,5495.042,resp_556871d1461243ab8ee312bb49711e37,completed,479.297,398.785,141.495,2545.853,3065.837,2429.205,True,order-return-03-turn-02,2,398.785,0.0,5495.042
4041.418,753.233,,I found your order. The missing accessory will be shipped today. Anything else?,183296,32,5672.049,4388.003,4388.003,order-return-03,9.666,,,,57,order-return,890.633,4794.651,200.729,4995.38,676.668,118.518,3865.565,3865.565,Order or seven thousand three hundred and seventy four delivered three days ago.,Order ORD-7374 was delivered three days ago.,,,5673.448,resp_1e06387e01024ea5bf2dfe667f39ffe0,completed,458.303,432.33,57.335,1011.298,1689.365,3984.083,True,order-return-03-turn-03,3,432.33,0.0,5673.448
1354.628,3284.403,,"Got it, a replacement desk chair will be arranged for you. Anything else?",174080,29,5221.117,4429.806,4429.806,order-return-03,9.666,,,,54,order-return,870.112,4639.031,186.391,4825.422,395.694,-2651.291,3909.154,3909.154,"For the desk chair, I prefer a replacement instead of a refund.","For the desk chair, I prefer a replacement instead of a refund.",,,5222.089,resp_6969d27f0ada4d079f868b90d8ac33cb,completed,443.348,426.764,96.765,3567.559,3964.226,1257.863,True,order-return-03-turn-04,4,426.764,0.0,5222.089
3740.692,665.29,,"No need, I have your order details already. Your replacement is on the way.",171008,30,5235.833,4071.992,4071.992,order-return-03,9.666,,,,52,order-return,851.568,4405.981,197.11,4603.091,632.742,112.385,3547.519,3547.519,Should I provide for order at seven thousand three hundred seventy four?,What evidence should I provide for order ORD-7374?,,,5237.088,resp_849594c29cd5450abab51560c4b2267e,completed,447.021,404.547,80.787,943.187,1577.183,3659.905,True,order-return-03-turn-05,5,404.547,0.0,5237.088
3239.4,594.864,,"That's fine, no problem there. Your replacement is being processed now.",194560,34,4713.098,3511.126,3511.126,order-return-03,9.666,,,,51,order-return,1199.235,3834.264,209.74,4044.005,669.093,98.266,2984.616,2984.616,The desk chair packaging is open but still available.,The desk chair packaging is open but still available.,,,4714.099,resp_b463170ce1a641fbab872bfafb3b5111,completed,762.001,437.234,156.518,961.123,1631.217,3082.882,True,order-return-03-turn-06,6,437.234,0.0,4714.099
3254.726,924.223,,"You'll keep the current chair until the replacement arrives, then return it using the prepaid label.",227328,39,4849.933,3563.323,3563.323,order-return-03,9.666,,,,56,order-return,884.13,4178.949,198.539,4377.488,472.444,101.37,3038.816,3038.816,Explain the likely next step for the desk chair return.,Explain the likely next step for the desk chair return.,,,4850.549,resp_a1b541a165db4477b09c458d5abdcd48,completed,471.881,412.249,114.54,1237.302,1710.363,3140.186,True,order-return-03-turn-07,7,412.249,0.0,4850.549
4768.407,612.46,,Your replacement for order7374 is being processed today. We'll email the prepaid return label shortly.,326656,56,6424.125,5067.026,5067.026,order-return-03,9.666,,,,81,order-return,972.422,5380.867,231.355,5612.222,811.903,110.923,4542.139,4542.139,Draft a short support message mentioning order at seven thousand three hundred seventy four.,Draft a short support message mentioning order ORD-7374.,,,6425.353,resp_c492ef5262284d80b277033ce549628e,completed,567.623,404.799,115.345,959.16,1772.292,4653.062,True,order-return-03-turn-08,8,404.799,0.0,6425.353
3216.547,489.121,,"Replacement ships today for order7374, and you'll return the original chair with the prepaid label once it arrives.",372736,61,4622.855,3473.198,3473.198,order-return-03,9.666,,,,79,order-return,874.906,3705.668,173.604,3879.273,743.582,70.797,2945.125,2945.125,Summarize the agreed return plan for the desk chair.,Summarize the agreed return plan for the desk chair.,,,4623.489,resp_a64bfd7558b3462b982d83fd59580649,completed,447.593,427.313,200.625,863.351,1607.567,3015.922,True,order-return-03-turn-09,9,427.313,0.0,4623.489
4195.71,820.776,,"Understood, the replacement for order7374 will arrive by Thursday.",202752,34,5671.334,4566.748,4566.748,order-return-03,9.666,,,,56,order-return,983.74,5016.486,198.849,5215.335,455.999,101.776,4043.124,4043.124,Deadline should have verify for o ort seven thousand three hundred seventy four.,What deadline should I verify for order ORD-7374?,,,5672.779,resp_dbf60c6d19f342cf8cba0e480bc9e980,completed,562.763,420.977,50.81,1070.435,1527.878,4144.9,True,order-return-03-turn-10,10,420.977,0.0,5672.779
3386.325,910.268,,I'd be happy to help you make a plan. Could you tell me your balance and interest rate?,201728,36,5126.797,3695.776,3695.776,budget-coaching-04,11.214,,,,55,budget-coaching,1088.961,4296.593,190.537,4487.13,639.667,117.161,3169.043,3169.043,Help me pay down a credit card over the next seven months.,Help me pay down a credit card over the next 7 months.,,,5127.893,resp_964b89777cf343688350601d47ea5ca9,completed,547.151,541.81,100.121,1200.927,1841.689,3286.204,True,budget-coaching-04-turn-01,1,541.81,0.0,5127.893
2341.161,3827.209,,Great. Paying two twenty-five monthly will steadily reduce your balance over seven months.,227328,39,7110.971,6125.96,6125.96,budget-coaching-04,11.214,,,,69,budget-coaching,1000.238,6168.37,269.386,6437.756,673.215,-3399.375,5603.853,5603.853,For my go to pay down a credit card I can set aside two hundred twenty five dollars monthly.,"For my goal to pay down a credit card, I can set aside 225 dollars monthly.",,,7112.177,resp_c00de8bc7a87405e82917c87b0ee2ced,completed,541.171,459.067,136.683,4233.279,4907.699,2204.477,True,budget-coaching-04-turn-02,2,459.067,0.0,7112.177
4674.249,721.571,,"Review your dining out category first, since eating out is usually the easiest place to trim.",244736,41,6103.71,5040.48,5040.48,budget-coaching-04,11.214,,,,64,budget-coaching,984.619,5395.82,178.782,5574.602,529.107,-2066.27,4505.371,4505.371,Name the first expense category to review so I can pay down the credit card.,Name the first expense category to review so I can pay down a credit card.,,,6104.731,resp_2e1c25abd7f54d78811d560d0b9c4f16,completed,556.965,427.655,2235.148,3135.501,3665.629,2439.101,True,budget-coaching-04-turn-03,3,427.655,0.0,6104.731
4670.702,826.552,,Aim for fifty dollars a week on dining out to help meet your monthly goal.,155648,26,6077.356,4938.949,4938.949,budget-coaching-04,11.214,,,,49,budget-coaching,965.223,5497.254,219.023,5716.277,361.079,117.564,4415.798,4415.798,Give me a weekly spanning limit that supports my plan to pay down the credit card.,Give me a weekly spending limit that supports my plan to pay down a credit card.,,,6078.977,resp_d7930ce1a15b4d678b5462186979aee0,completed,560.442,404.781,137.34,1182.915,1545.615,4533.362,True,budget-coaching-04-turn-04,4,404.781,0.0,6078.977
2057.366,3538.767,,That's important. Could you tell me the annual insurance amount so we can adjust your plan?,175104,32,6880.977,5030.341,5030.341,budget-coaching-04,11.214,,,,58,budget-coaching,851.641,5596.132,1.113,5597.245,1283.732,-2581.398,4510.533,4510.533,I've forgotten annual insurance bill revised the plan to pay down a credit card.,I forgot an annual insurance bill; revise the plan to pay down a credit card.,,,6881.668,resp_ee30df7cc48749c386b1f636c623d62f,completed,433.18,418.461,128.23,3668.109,4952.533,1929.136,True,budget-coaching-04-turn-05,5,418.461,0.0,6881.668
3826.738,782.689,,Keeping a small entertainment allowance helps you stay consistent without feeling deprived.,182272,32,5248.783,4077.347,4077.347,budget-coaching-04,11.214,,,,51,budget-coaching,983.018,4609.427,237.014,4846.441,402.342,141.213,3547.387,3547.387,Keep a small entertainment allowance. Why ipay down a credit card?,Keep a small entertainment allowance while I pay down a credit card.,,,5249.916,resp_e99f0d7974594401aa8ed5c3ebf8aba2,completed,546.502,436.516,138.138,1157.841,1561.316,3688.6,True,budget-coaching-04-turn-06,6,436.516,0.0,5249.916
1902.957,2869.34,,"Yes, set up an automatic transfer of two twenty-five monthly to stay on track.",176128,30,5319.31,4416.897,4416.897,budget-coaching-04,11.214,,,,47,budget-coaching,2788.86,4772.297,186.297,4958.594,360.716,-2232.194,3888.942,3888.942,One automatic transfer for to go to pay down a credit card.,Suggest one automatic transfer for the goal to pay down a credit card.,,,5320.139,resp_1a8d6a1d2f9b472bbfbbf15fa4ad1578,completed,2367.116,421.744,246.208,3301.846,3663.391,1656.748,True,budget-coaching-04-turn-07,7,421.744,0.0,5320.139
3537.13,694.44,,Track your remaining balance each month—it shows progress and keeps you motivated.,160768,28,4836.695,3870.872,3870.872,budget-coaching-04,11.214,,,,47,budget-coaching,876.046,4231.57,219.499,4451.069,385.626,113.243,3344.911,3344.911,Progress number should I track why ipay down a credit card?,What progress number should I track while I pay down a credit card?,,,4837.576,resp_2c2e22537e784d9394728e501dbe4a56,completed,445.29,430.757,78.976,992.915,1379.422,3458.154,True,budget-coaching-04-turn-08,8,430.757,0.0,4837.576
3193.136,992.661,,"Here's your plan: transfer two twenty-five monthly, cap dining at fifty weekly, and track the balance.",261120,50,5005.641,3437.834,3437.834,budget-coaching-04,11.214,,,,63,budget-coaching,2179.37,4185.797,207.684,4393.481,612.16,136.829,2910.178,2910.178,Summarized a monthly plan to pay down a credit card.,Summarize the monthly plan to pay down a credit card.,,,5006.197,resp_db946df642e44ec2a3ff786439aecfda,completed,1749.643,429.727,146.129,1346.474,1959.19,3047.007,True,budget-coaching-04-turn-09,9,429.727,0.0,5006.197
3456.402,895.132,,The biggest assumption is you can consistently set aside two twenty-five each month.,187392,31,4985.81,3724.28,3724.28,budget-coaching-04,11.214,,,,50,budget-coaching,949.022,4351.534,209.876,4561.41,424.4,112.933,3197.375,3197.375,Is the biggest assumption in the plan to pay down a credit card.,What is the biggest assumption in the plan to pay down a credit card?,,,4986.978,resp_ede9aef436a141ceaf99d6d401bcb3bf,completed,559.131,389.892,146.095,1251.103,1676.671,3310.307,True,budget-coaching-04-turn-10,10,389.892,0.0,4986.978
2531.777,525.853,,"Sure, I can help you plan a five-day trip to the US. Which city are you interested in?",228352,40,3996.599,2781.874,2781.874,travel-planning-08,10.965,,,,50,travel-planning,2214.045,3057.63,281.879,3339.509,657.091,89.81,2257.304,2257.304,Help me plan a five day trip to美元。,Help me plan a 5-day trip to Barcelona.,,,3998.569,resp_f68b69ad635d4b3f9c85627950e74273,completed,1720.643,493.402,184.663,992.394,1651.455,2347.114,True,travel-planning-08-turn-01,1,493.402,0.0,3998.569
1355.844,6687.492,,"Got it. A budget of $2,125 for five days in the US. Which city are you considering?",318464,54,9067.524,5890.496,5890.496,travel-planning-08,10.965,,,,71,travel-planning,888.325,8043.336,0.842,8044.178,1023.346,-4110.936,5368.243,5368.243,Further美元trip keep my to budget near two thousand one hundred twenty five dollars.,"For the Barcelona trip, keep my total budget near 2125 dollars.",,,9068.707,resp_6fd4b92f058f4aa9ac743bac8fdce30b,completed,472.007,416.318,98.537,6786.87,7811.4,1257.307,True,travel-planning-08-turn-02,2,416.318,0.0,9068.707
1485.618,3718.033,,Great choice. Which city are you thinking of visiting?,122880,21,5823.27,4284.307,4284.307,travel-planning-08,10.965,,,,38,travel-planning,854.69,5203.651,171.458,5375.109,448.161,-2400.794,3762.493,3762.493,"On this mayun visit, I care most about local food markets.","On this Barcelona visit, I care most about local food markets.",,,5823.891,resp_5b3af2747ea643e8b8b5b813881f7bed,completed,449.138,405.552,123.919,4013.411,4462.192,1361.699,True,travel-planning-08-turn-03,3,405.552,0.0,5823.891
2823.621,920.224,,"For food markets, I'd suggest Pike Place Market in Seattle or Ferry Building in San Francisco. Both are excellent.",266240,46,4660.576,3103.3,3103.3,travel-planning-08,10.965,,,,63,travel-planning,964.436,3743.845,222.385,3966.23,694.345,158.79,2578.328,2578.328,Which neighborhood in美元best fits that preference?,Which neighborhood in Barcelona best fits that preference?,,,4661.408,resp_23b00f536e1f4159a70cbdae1e561866,completed,545.405,419.031,86.503,1229.112,1924.289,2737.118,True,travel-planning-08-turn-04,4,419.031,0.0,4661.408
2852.531,546.014,,"Start with breakfast at the market, browse vendors, and grab fresh samples.",204800,34,4013.652,3106.606,3106.606,travel-planning-08,10.965,,,,45,travel-planning,2280.476,3398.545,178.035,3576.58,437.072,90.562,2579.427,2579.427,Give me a simple first morning plan for美元。,Give me a simple first-morning plan for Barcelona.,,,4014.915,resp_9f7993e0f4c24f55ac32bd02ef1ac83c,completed,1873.772,406.704,182.543,906.592,1344.927,2669.988,True,travel-planning-08-turn-05,5,406.704,0.0,4014.915
3621.701,1037.778,,"Sure, a relaxed morning with a slow brunch and a leisurely market stroll sounds perfect.",214016,36,5282.58,3879.223,3879.223,travel-planning-08,10.965,,,,56,travel-planning,880.514,4659.479,179.613,4839.092,443.489,-1486.007,3358.789,3358.789,Make the second day in me Yuan less rush than the first.,Make the second day in Barcelona less rushed than the first.,,,5284.602,resp_b35f984f92e04607b49c2495dfded485,completed,466.341,414.173,1748.919,2966.31,3411.82,1872.782,True,travel-planning-08-turn-06,6,414.173,0.0,5284.602
3003.163,659.843,,"Visit an indoor market or food hall, and enjoy a cozy cooking class.",159744,33,4300.304,3284.385,3284.385,travel-planning-08,10.965,,,,45,travel-planning,2265.182,3663.006,224.026,3887.032,413.272,112.327,2759.296,2759.296,One rainy day alternative y in美元。,Suggest one rainy-day alternative while I am in Barcelona.,,,4301.021,resp_ffed0eb1c58b47099e59980c172fe33b,completed,1867.262,397.92,131.54,1015.409,1429.398,2871.623,True,travel-planning-08-turn-07,7,397.92,0.0,4301.021
2617.519,1892.419,,Try the clam chowder in Seattle or sourdough bread in San Francisco.,161792,30,5078.812,2849.118,2849.118,travel-planning-08,10.965,,,,44,travel-planning,1133.391,4509.938,207.869,4717.808,361.004,110.214,2331.463,2331.463,Local food should I prioritize in美元？,What local food should I prioritize in Barcelona?,,,5079.904,resp_ebcb783b57f04706a56569253ce72e74,completed,701.401,431.99,175.843,2276.131,2638.227,2441.677,True,travel-planning-08-turn-08,8,431.99,0.0,5079.904
1618.763,2325.046,,Day one: market breakfast and exploring. Day two: relaxed brunch and stroll. Rainy day: indoor food hall or cooking class.,360448,61,5274.735,3663.238,3663.238,travel-planning-08,10.965,,,,82,travel-planning,988.623,3943.809,232.145,4175.954,1098.78,-1585.244,3138.093,3138.093,Summarize my美元plan in three short points.,Summarize my Barcelona plan in three short points.,,,5275.998,resp_95d239be17454d77bc30516f43a32386,completed,558.299,430.324,65.914,2623.105,3723.149,1552.849,True,travel-planning-08-turn-09,9,430.324,0.0,5275.998
2195.891,611.43,,"Book your stay first, since others plan around their location.",144384,24,3592.462,2523.797,2523.797,travel-planning-08,10.965,,,,37,travel-planning,961.056,2807.321,214.028,3021.349,571.112,92.275,1995.729,1995.729,Should I book first for the美元trip？,What should I book first for the Barcelona trip?,,,3593.906,resp_fcd476abb4154b7db6e242b944a19431,completed,550.466,410.589,107.887,933.346,1505.903,2088.004,True,travel-planning-08-turn-10,10,410.589,0.0,3593.906
3927.062,1102.79,,"Here's a simple12-week structure: weeks for planning, recording, editing, and launching.",225280,37,5717.449,4200.505,4200.505,project-planning-09,10.67,,,,57,project-planning,967.43,5029.852,200.327,5230.179,487.27,87.743,3674.894,3674.894,Help me structure a podcast pilot season a twelve week deadline.,Help me structure a podcast pilot season with a 12-week deadline.,,,5718.083,resp_294463cc45a8491f854e4cde2f798b18,completed,469.355,498.075,164.425,1467.542,1955.446,3762.637,True,project-planning-09-turn-01,1,498.075,0.0,5718.083
3255.196,607.702,,"Got it. You've got a five-person team, so we can split the workload across planning, recording, editing, and promo.",293888,49,4871.217,3592.943,3592.943,project-planning-09,10.67,,,,69,project-planning,823.909,3862.897,1.157,3864.054,1007.163,96.225,3069.151,3069.151,The podcast pilot season team has five peoplemixed.,The podcast pilot season team has 5 people with mixed experience.,,,4872.316,resp_db74cf4a279549aea8fc281e07db65ff,completed,416.752,407.157,89.82,698.679,1706.94,3165.375,True,project-planning-09-turn-02,2,407.157,0.0,4872.316
3244.729,732.374,,"The first milestone is locking your podcast's concept, format, and target audience by the end of week one.",285696,47,4799.737,3612.397,3612.397,project-planning-09,10.67,,,,66,project-planning,860.55,3977.104,210.652,4187.756,611.981,101.034,3086.967,3086.967,Named the first mestone for the podcast pilot season.,Name the first milestone for the podcast pilot season.,,,4800.648,resp_a3f12f57c22c4c7e924fdd05d32005d2,completed,454.017,406.533,56.729,999.755,1612.647,3188.001,True,project-planning-09-turn-03,3,406.533,0.0,4800.648
3395.546,505.925,,"The biggest risks are recording delays, editing bottlenecks, and promotion falling flat.",196608,36,4770.138,3756.539,3756.539,project-planning-09,10.67,,,,55,project-planning,845.317,3901.471,381.149,4282.619,487.518,83.408,3232.124,3232.124,List the biggest scheduleis for the podcast pilot season.,List the biggest schedule risk for the podcast pilot season.,,,4771.521,resp_e7117e3385ee4f8e92c867979044e8d0,completed,428.287,417.03,80.013,967.087,1455.988,3315.533,True,project-planning-09-turn-04,4,417.03,0.0,4771.521
4308.102,643.221,,Cut two episodes from the season and drop one segment per episode to save time.,173056,29,5501.68,4615.165,4615.165,project-planning-09,10.67,,,,51,project-planning,973.514,4951.323,171.886,5123.209,378.472,115.441,4077.598,4077.598,Reduce the initia podcast pilot season scope by about twenty percent.,Reduce the initial podcast pilot season scope by about twenty percent.,,,5502.511,resp_43743758e88e402aab0541f3975e913a,completed,540.779,432.734,115.063,930.169,1309.472,4193.04,True,project-planning-09-turn-05,5,432.734,0.0,5502.511
3857.037,510.311,,Got it. A smaller scope with fewer episodes will keep production on track for the deadline.,220160,37,5155.203,4128.494,4128.494,project-planning-09,10.67,,,,58,project-planning,871.131,4367.348,0.664,4368.012,787.191,98.937,3602.486,3602.486,The sign clea rose for the smaller podcast pilot season plan.,Assign clear roles for the smaller podcast pilot season plan.,,,5156.907,resp_b4fb2fbd362d4945897d5fc58a4f189c,completed,439.487,431.644,155.613,666.588,1455.483,3701.424,True,project-planning-09-turn-06,6,431.644,0.0,5156.907
4160.074,599.92,,Ten thousand total downloads across the season is your measurable success metric.,163840,27,5337.227,4206.929,4206.929,project-planning-09,10.67,,,,47,project-planning,849.919,4759.994,176.065,4936.059,401.168,-793.174,3683.656,3683.656,One measurable success criteria for the podcast pilot season.,Suggest one measurable success criterion for the podcast pilot season.,,,5339.034,resp_42a1cc04a5ab4dbb8f86d170c2122c1e,completed,434.376,415.543,1269.592,2045.577,2448.552,2890.482,True,project-planning-09-turn-07,7,415.543,0.0,5339.034
3951.46,970.364,,"A brief check-in: review progress, flag blockers, assign next tasks, and confirm deadlines.",269312,46,5724.008,4277.836,4277.836,project-planning-09,10.67,,,,67,project-planning,945.642,4921.824,219.676,5141.5,582.508,113.173,3758.118,3758.118,Create a brief weekly check in agenda for the podcast pilot season.,Create a brief weekly check-in agenda for the podcast pilot season.,,,5724.551,resp_f668bc3dbd8b4e7f820ca999819ba5de,completed,557.363,388.279,80.168,1270.208,1853.26,3871.292,True,project-planning-09-turn-08,8,388.279,0.0,5724.551
3607.12,1018.714,,"In short: a12-week, five-person plan to produce and launch a smaller season of episodes. The main tradeoff is fewer episodes for more polished, reliable production.",455680,76,5949.39,3907.579,3907.579,project-planning-09,10.67,,,,96,project-planning,978.865,4625.834,210.105,4835.939,1113.451,134.262,3378.259,3378.259,Summarize the podcast pilot season plan and its tradeoffs.,Summarize the current podcast pilot season plan and its tradeoffs.,,,5950.907,resp_9205a810ed444ca48e4af9b52e5f81d5,completed,551.758,427.108,94.6,1323.419,2438.387,3512.52,True,project-planning-09-turn-09,9,427.108,0.0,5950.907
3121.679,1482.596,,Good luck with your decision today. Let me know if you need anything.,134144,25,5298.756,3366.087,3366.087,project-planning-09,10.67,,,,43,project-planning,1070.616,4604.275,209.369,4813.643,485.113,99.772,2834.809,2834.809,Decision about the podcast pilot season mess today.,What decision about the podcast pilot season must happen today?,,,5299.918,resp_aae176dd8c374c3db9af5262bc9a4649,completed,642.151,428.464,187.099,1879.063,2365.337,2934.58,True,project-planning-09-turn-10,10,428.464,0.0,5299.918
3642.642,549.264,,"Sure, I'll explain quadratic equations briefly. For Lao, just ask me for what you need.",210944,35,5120.982,3890.749,3890.749,study-tutor-02,8.396,,,,55,study-tutor,934.167,4191.906,202.969,4394.876,726.106,120.15,3364.151,3364.151,Teach me the basics of quadratic equations and a high school Lao.,Teach me the basics of quadratic equations at a high-school level.,,,5122.093,resp_628cfee52eb442bf88e9d0752799d36e,completed,463.606,470.561,158.341,910.574,1637.792,3484.302,True,study-tutor-02-turn-01,1,470.561,0.0,5122.093
3277.183,737.028,,Sure. An example is x squared plus5x plus6 equals zero. It factors to x plus2 times x plus3.,322560,54,5123.943,3453.74,3453.74,study-tutor-02,8.396,,,,73,study-tutor,1067.012,4014.212,1.255,4015.466,1108.476,120.611,2924.525,2924.525,Give me a concrete example of quadratic equations.,Give me a concrete example of quadratic equations.,,,5125.148,resp_b119b65f214a49559c48bda4f0f09605,completed,657.699,409.313,232.047,970.33,2080.011,3045.137,True,study-tutor-02-turn-02,2,409.313,0.0,5125.148
3174.418,769.453,,"Sure. The terms are ax squared, bx, and c. They combine to form the standard form, ax squared plus bx plus c equals zero.",392192,66,5109.676,3469.9,3469.9,study-tutor-02,8.396,,,,86,study-tutor,923.755,3943.871,0.91,3944.781,1164.895,123.305,2939.546,2939.546,Explain the term in quadratic equations more simply.,Explain the hardest term in quadratic equations more simply.,,,5110.686,resp_78ffb971054149e9b78b12937044c8aa,completed,510.15,413.606,111.567,881.93,2047.835,3062.851,True,study-tutor-02-turn-03,3,413.606,0.0,5110.686
3850.268,627.911,,What is the standard form of a quadratic equation?,118784,20,4944.8,4111.524,4111.524,study-tutor-02,8.396,,,,41,study-tutor,882.933,4478.179,198.499,4676.678,268.122,113.757,3581.263,3581.263,Ask me one short comprehension question about quadratic equations.,Ask me one short comprehension question about quadratic equations.,,,4945.7,resp_d161f49d5f1a4032bfa3b0d2a2a73fc9,completed,472.077,410.855,155.248,981.658,1250.681,3695.02,True,study-tutor-02-turn-04,4,410.855,0.0,4945.7
2367.359,4241.359,,"Your answer was partly correct because you got the basic idea, but you missed the key detail that the standard form must equal zero.",277504,46,7422.781,5709.095,5709.095,study-tutor-02,8.396,,,,70,study-tutor,901.664,6608.718,206.866,6815.584,607.197,-2892.618,5180.161,5180.161,"For that quadratic equations question, my is partly correct. Explain why.","For that quadratic equations question, my answer is partly correct; explain why.",,,7423.669,resp_5274f18bad7948b99cd481d0e7c427b6,completed,470.158,431.506,79.815,4528.041,5136.126,2287.543,True,study-tutor-02-turn-05,5,431.506,0.0,7423.669
2375.803,833.795,,"Sure. Quadratic equations are like throwing a ball—its path forms a parabola, modeled by ax squared plus bx plus c.",288768,48,4235.204,2662.856,2662.856,study-tutor-02,8.396,,,,63,study-tutor,963.224,3209.599,0.746,3210.345,1024.859,120.424,2136.235,2136.235,Connect quadratic equations to something.,Connect quadratic equations to something from everyday life.,,,4235.795,resp_b35300861b0144d9b5ced5ce72f08029,completed,556.852,406.371,119.145,953.686,1979.136,2256.659,True,study-tutor-02-turn-06,6,406.371,0.0,4235.795
3399.856,658.181,,"A common mistake is thinking every quadratic has two solutions. Actually, some have one or none.",283648,48,4941.439,3683.094,3683.094,study-tutor-02,8.396,,,,68,study-tutor,864.196,4058.037,204.22,4262.257,679.182,122.727,3154.234,3154.234,Give me a common misconception about quadratic equations.,Give me a common misconception about quadratic equations.,,,4942.505,resp_775b00b38d324768a5d165009d6ba97d,completed,430.954,433.242,122.894,985.296,1665.544,3276.961,True,study-tutor-02-turn-07,7,433.242,0.0,4942.505
3571.352,895.45,,"Sure. First, solve x squared minus9 equals zero. Then, check which solution fits x plus3 equals zero.",361472,61,5759.575,3883.843,3883.843,study-tutor-02,8.396,,,,82,study-tutor,884.799,4466.802,3.086,4469.888,1289.687,120.215,3361.769,3361.769,Create a two step practice problem on quadratic equations.,Create a two-step practice problem on quadratic equations.,,,5761.583,resp_c85cde0695f44550814391bd59b14c08,completed,495.388,389.411,89.368,987.904,2279.598,3481.984,True,study-tutor-02-turn-08,8,389.411,0.0,5761.583
3923.674,572.84,,Sure. Step one: x squared minus9 equals zero gives x equals3 or negative3. Step two: x plus3 equals zero gives x equals negative3. So the answer is negative3.,470016,80,6013.384,4255.387,4255.387,study-tutor-02,8.396,,,,103,study-tutor,1048.936,4496.514,1.021,4497.535,1515.85,99.868,3731.568,3731.568,Show a concise solution to the quadratic equations practice problem.,Show a concise solution to the quadratic equations practice problem.,,,6014.36,resp_0c9f9b7bb7164c5aaaf9dc4ed99450bf,completed,615.114,433.821,92.238,666.099,2182.925,3831.435,True,study-tutor-02-turn-09,9,433.821,0.0,6014.36
3476.818,829.764,,"Sure. Standard form, parabola, factoring, quadratic formula, and discriminant. Those are the five cues.",308224,53,5844.864,3749.495,3749.495,study-tutor-02,8.396,,,,75,study-tutor,884.797,4306.582,1.271,4307.853,1537.012,141.711,3223.627,3223.627,Summarized the quadratic equations as five memory cues.,Summarize the quadratic equations lesson as five memory cues.,,,5846.135,resp_58086699ab2b425c8b77c94cddf33de3,completed,471.97,412.827,111.48,942.514,2480.797,3365.338,True,study-tutor-02-turn-10,10,412.827,0.0,5846.135
3112.823,518.971,,Of course. What are we planning?,89088,16,5675.702,3417.371,3417.371,budget-coaching-05,6.392,,,,34,budget-coaching,990.233,3631.794,1685.502,5317.296,358.406,141.341,2892.379,2892.379,Hap me plan a modest over the next eight months.,Help me plan a modest vacation over the next 8 months.,,,5676.804,resp_1b675b6c7ceb47d4ae8f2bb6ce5ec3db,completed,497.983,492.251,79.103,2283.576,2643.084,3033.72,True,budget-coaching-05-turn-01,1,492.251,0.0,5676.804
4740.102,692.764,,"Great, that's about two thousand dollars saved over eight months. What's it for?",185344,32,6231.444,5055.903,5055.903,budget-coaching-05,6.392,,,,56,budget-coaching,1036.335,5432.866,250.128,5682.994,548.449,87.45,4530.926,4530.926,For my go to plan a modest I can set aside two hundred sixty dollars monthly.,"For my goal to plan a modest vacation, I can set aside 260 dollars monthly.",,,6232.458,resp_fdc627a1f3b7457a9f48dd3ce96ac6c3,completed,538.464,497.871,121.727,1064.619,1614.083,4618.376,True,budget-coaching-05-turn-02,2,497.871,0.0,6232.458
4411.898,1011.914,,"Start with housing, since it's usually your biggest fixed cost.",188416,31,5995.916,4713.501,4713.501,budget-coaching-05,6.392,,,,53,budget-coaching,961.86,5423.812,188.105,5611.917,383.998,-1757.902,4188.291,4188.291,Name the first expense category to review so I can plan a modest.,Name the first expense category to review so I can plan a modest vacation.,,,5997.084,resp_d763e593c3c748e295baa16c4c0f77b2,completed,556.904,404.956,1981.509,3181.528,3566.695,2430.389,True,budget-coaching-05-turn-03,3,404.956,0.0,5997.084
4114.208,11202.566,,"Based on your monthly savings, keep weekly spending around sixty dollars for flexibility.",229376,38,16098.086,4406.584,4406.584,budget-coaching-05,6.392,,,,59,budget-coaching,979.21,15316.775,214.389,15531.164,566.922,100.281,3878.28,3878.28,Give me a weekly spending limit that supports my plan to plan a modest.,Give me a weekly spending limit that supports my plan to plan a modest vacation.,,,16099.267,resp_8ec0da5c29de45ad9b9d1c1e34868281,completed,561.919,417.292,135.648,11552.603,12120.707,3978.561,True,budget-coaching-05-turn-04,4,417.292,0.0,16099.267
2147.139,3015.825,,No problem. Deduct that from your monthly savings and adjust your weekly limit accordingly.,229376,38,5955.264,4753.575,4753.575,budget-coaching-05,6.392,,,,63,budget-coaching,971.528,5162.963,0.568,5163.531,791.732,-2238.76,4230.666,4230.666,I've forgotten annual insurance bill revised the plan to plan a modest.,I forgot an annual insurance bill; revise the plan to plan a modest vacation.,,,5956.835,resp_ff0c7e7cd58548b0970760683c8ab251,completed,560.541,410.987,155.233,3171.626,3964.93,1991.906,True,budget-coaching-05-turn-05,5,410.987,0.0,5956.835
3485.963,708.772,,Sure. Cut your weekly budget to fifty-five dollars to keep room for entertainment.,220160,37,4984.999,3692.033,3692.033,budget-coaching-05,6.392,,,,56,budget-coaching,927.561,4194.736,1.431,4196.167,788.832,90.596,3160.427,3160.427,Keep a small entertainment allowance swa plan a modest.,Keep a small entertainment allowance while I plan a modest vacation.,,,4986.37,resp_309bcfb9cd23427f91f6ce2235d33e5f,completed,473.492,454.069,234.94,945.143,1735.346,3251.024,True,budget-coaching-05-turn-06,6,454.069,0.0,4986.37
1755.263,2509.647,,Agreed. Set up one monthly auto-transfer of two hundred sixty dollars to your savings account.,218112,39,5425.814,3993.151,3993.151,budget-coaching-05,6.392,,,,60,budget-coaching,951.407,4264.91,223.43,4488.34,937.474,-1809.93,3466.386,3466.386,One automatic transfer for the go to plan a modest.,Suggest one automatic transfer for the goal to plan a modest vacation.,,,5426.768,resp_66d025403cda48d5a6f48d5db403e806,completed,541.791,409.616,98.807,2831.884,3770.311,1656.456,True,budget-coaching-05-turn-07,7,409.616,0.0,5426.768
3486.724,538.878,,Track your monthly savings total and your weekly spending limit. That's it.,192512,32,4709.39,3824.382,3824.382,budget-coaching-05,6.392,,,,53,budget-coaching,856.253,4025.602,201.684,4227.286,482.104,117.027,3300.052,3300.052,Progress number should I track while I plan a modest?,What progress number should I track while I plan a modest vacation?,,,4710.126,resp_695a0330f4124a2a9382b7304c4ef91e,completed,442.017,414.236,69.646,810.208,1293.047,3417.078,True,budget-coaching-05-turn-08,8,414.236,0.0,4710.126
2849.551,886.672,,"Each month, transfer two hundred sixty dollars to savings, keep weekly spending near fifty-five dollars, and review your budget monthly.",352256,59,4655.926,3120.03,3120.03,budget-coaching-05,6.392,,,,76,budget-coaching,935.416,3736.223,212.116,3948.338,707.587,135.815,2590.88,2590.88,Summarized a monthly plan to plan a modest.,Summarize the monthly plan to plan a modest vacation.,,,4657.247,resp_85123555f53b4e54ae5e993f6cd7ad2d,completed,500.473,434.943,122.856,1221.644,1930.552,2726.695,True,budget-coaching-05-turn-09,9,434.943,0.0,4657.247
2968.976,823.461,,The biggest assumption is that your income stays stable enough to allow those monthly savings.,208896,35,4421.385,3312.208,3312.208,budget-coaching-05,6.392,,,,51,budget-coaching,971.542,3792.437,194.931,3987.368,434.017,119.358,2782.362,2782.362,Is the biggest assumption in the plan to plan a modest.,What is the biggest assumption in the plan to plan a modest vacation?,,,4423.897,resp_5715008c56b34402a711bc52557d8bf3,completed,555.144,416.398,67.255,1085.648,1522.177,2901.72,True,budget-coaching-05-turn-10,10,416.398,0.0,4423.897
2777.998,847.513,,"I'd love to help. What kind of trip are you after—culture, food, adventure, or relaxing?",223232,40,4680.388,3043.227,3043.227,travel-planning-09,10.829,,,,56,travel-planning,1304.953,3625.512,204.892,3830.404,849.985,115.062,2518.717,2518.717,Help me plan a six day trip to marrakesh.,Help me plan a 6-day trip to Marrakesh.,,,4681.241,resp_4a540f3304b24bc39770f420d5eef12f,completed,833.953,471.0,144.219,1196.624,2047.462,2633.779,True,travel-planning-09-turn-01,1,471.0,0.0,4681.241
1548.639,4415.662,,"Sure, I'll help plan a six-day trip to Marrakesh on that budget. Let me check a few things first.",230400,41,6835.733,5319.391,5319.391,travel-planning-09,10.829,,,,67,travel-planning,918.012,5964.301,187.073,6151.375,684.359,-3312.128,4793.816,4793.816,FR the marrakesht trip keep my togu budget near two thousand three hundred dollars.,"For the Marrakesh trip, keep my total budget near 2300 dollars.",,,6836.979,resp_07a3a229f68543b68cae6629fedc5d41,completed,446.769,471.243,66.951,4669.687,5355.291,1481.688,True,travel-planning-09-turn-02,2,471.243,0.0,6836.979
1729.959,3212.687,,"Got it, nature walks in and around Marrakesh will be the focus.",176128,33,5580.475,4609.677,4609.677,travel-planning-09,10.829,,,,54,travel-planning,863.532,4942.645,204.028,5146.673,433.802,-2515.469,4084.745,4084.745,"On this marrakesh visit, I care most about easy nature wax.","On this Marrakesh visit, I care most about easy nature walks.",,,5581.404,resp_930b15752ddf495cab88b21a5143a2f5,completed,469.275,394.257,160.682,3577.397,4012.128,1569.276,True,travel-planning-09-turn-03,3,394.257,0.0,5581.404
2963.005,1009.305,,"The Palmeraie and Agdal Gardens are perfect for easy nature walks, with palm groves and quiet paths.",251904,43,4733.637,3304.281,3304.281,travel-planning-09,10.829,,,,60,travel-planning,952.708,3972.31,208.852,4181.162,552.475,123.75,2779.745,2779.745,Which neighborhoodhb him marrakesh best fits that preference.,Which neighborhood in Marrakesh best fits that preference?,,,4734.522,resp_3e00962ae9cf46b2ab5dfabbc910ac94,completed,539.742,412.966,59.51,1277.667,1831.027,2903.495,True,travel-planning-09-turn-04,4,412.966,0.0,4734.522
3089.618,1041.887,,"Start at the Majorelle Garden early, then stroll through the nearby Agdal Gardens for a peaceful morning.",233472,39,4832.572,3337.372,3337.372,travel-planning-09,10.829,,,,55,travel-planning,993.321,4131.505,220.914,4352.42,480.152,120.831,2815.059,2815.059,Give me a simple first morning plan for marrakesh.,Give me a simple first-morning plan for Marrakesh.,,,4833.247,resp_a459a395aa6e4962b05a8bdc70119643,completed,555.432,437.888,153.728,1416.53,1897.358,2935.89,True,travel-planning-09-turn-05,5,437.888,0.0,4833.247
3311.179,1098.174,,"Slow down with a morning at Menara Gardens, then a relaxed afternoon at your riad's terrace.",208896,35,5075.066,3657.083,3657.083,travel-planning-09,10.829,,,,53,travel-planning,874.444,4409.354,215.742,4625.096,449.97,114.286,3129.551,3129.551,Make the second day in marrakesh less rushed than the first.,Make the second day in Marrakesh less rushed than the first.,,,5076.193,resp_70ad618311f749eeac4e2956ff0bf18c,completed,445.734,428.711,67.343,1381.26,1832.356,3243.837,True,travel-planning-09-turn-06,6,428.711,0.0,5076.193
3231.374,657.242,,Head to the Yves Saint Laurent Museum or the Bahia Palace for beautiful indoor exploring.,199680,33,4484.35,3537.059,3537.059,travel-planning-09,10.829,,,,51,travel-planning,872.278,3888.616,178.598,4067.214,417.136,143.505,3008.142,3008.142,One rainy day alternative y im in marrakesh.,Suggest one rainy-day alternative while I am in Marrakesh.,,,4485.469,resp_2e70181d4e8945fdb53007906b84042f,completed,440.961,431.317,79.726,915.566,1333.822,3151.648,True,travel-planning-09-turn-07,7,431.317,0.0,4485.469
2770.286,970.461,,"Try tagine, couscous, and fresh mint tea at a local market stall.",187392,31,4324.489,3046.628,3046.628,travel-planning-09,10.829,,,,46,travel-planning,963.925,3740.747,188.125,3928.872,395.616,93.523,2520.034,2520.034,Loca food should I prioritize in marrakesh?,What local food should I prioritize in Marrakesh?,,,4325.472,resp_07e0bbb8e8be47be89f19fb46b238675,completed,555.674,408.251,156.729,1315.315,1711.915,2613.557,True,travel-planning-09-turn-08,8,408.251,0.0,4325.472
3647.704,789.405,,Six days focused on gentle nature walks. Start with Majorelle and Agdal Gardens. Keep it relaxed with Menara and indoors if rain.,377856,66,5770.144,3629.559,3629.559,travel-planning-09,10.829,,,,74,travel-planning,,4437.109,221.784,4658.892,1111.252,114.6,3099.257,3099.257,Summarize my marrakesh plan in three short points.,Summarize my Marrakesh plan in three short points.,,,5771.878,resp_4a957cc4ab714e5590a2044ba4ceae36,completed,,414.313,433.846,1445.035,2558.021,3213.857,True,travel-planning-09-turn-09,9,414.313,0.0,5771.878
2325.849,840.352,,"Yes, book your riad and flights first to lock in your budget.",179200,30,3762.149,2639.664,2639.664,travel-planning-09,10.829,,,,44,travel-planning,886.331,3166.2,181.787,3347.987,414.162,113.862,2111.066,2111.066,Should I book first for the marrakeshrep?,What should I book first for the Marrakesh trip?,,,3763.132,resp_e5943a52d1984a4fab75b7cbfad23acf,completed,462.05,424.281,100.92,1123.059,1538.204,2224.928,True,travel-planning-09-turn-10,10,424.281,0.0,3763.132
4397.277,628.984,,I can help structure that. What's the goal for the thirteen-week program?,161792,29,5762.57,4651.34,4651.34,project-planning-10,9.535,,,,51,project-planning,1239.85,5026.261,223.801,5250.062,512.508,91.374,4126.742,4126.742,Hap me structure a employee Mandarin programmed thirteen week deadline.,Help me structure a employee mentoring program with a 13-week deadline.,,,5763.2,resp_0bd24bdd7421459b82b96b305081b994,completed,742.568,497.281,179.16,1031.946,1545.084,4218.116,True,project-planning-10-turn-01,1,497.281,0.0,5763.2
3456.21,1018.259,,"A six-person mixed team, thirteen-week Mandarin program. I'll outline a weekly structure.",272384,46,5358.237,3600.618,3600.618,project-planning-10,9.535,,,,53,project-planning,,4474.469,182.918,4657.386,700.85,89.663,3074.479,3074.479,The employee mandaring program team has six people mixed.,The employee mentoring program team has 6 people with mixed experience.,,,5358.822,resp_339c0f6b49c54f4ba8ffbeab043949e8,completed,,409.657,292.069,1493.245,2194.681,3164.141,True,project-planning-10-turn-02,2,409.657,0.0,5358.822
3439.119,725.609,,The first milestone is completing the basic pronunciation and pinyin foundation.,176128,29,4736.976,3786.262,3786.262,project-planning-10,9.535,,,,47,project-planning,954.973,4164.727,222.937,4387.664,349.312,119.27,3261.784,3261.784,Named the first mestone for the employed Mandarin program.,Name the first milestone for the employee mentoring program.,,,4738.531,resp_5300cc9233d34590b916b8e5d22a27cf,completed,549.941,405.032,58.065,1006.61,1357.477,3381.054,True,project-planning-10-turn-03,3,405.032,0.0,4738.531
3746.418,552.568,,The biggest risk is scheduling conflicts among the six mixed-level team members.,174080,29,4857.962,4021.069,4021.069,project-planning-10,9.535,,,,48,project-planning,932.791,4298.986,165.747,4464.733,393.229,92.147,3496.329,3496.329,List the biggest schedule risk for the MMP foe Mandarin program.,List the biggest schedule risk for the employee mentoring program.,,,4858.762,resp_52121e73525b4e838837f9cb3a7fe10e,completed,549.423,383.368,157.941,876.257,1270.286,3588.476,True,project-planning-10-turn-04,4,383.368,0.0,4858.762
4605.305,931.573,,Cut the first two weeks of basic vocabulary and focus only on essential phrases.,208896,35,6181.282,4930.537,4930.537,project-planning-10,9.535,,,,59,project-planning,952.416,5536.878,206.897,5743.775,437.507,104.631,4408.799,4408.799,Reduce the initial employee mandating program scope by about twenty percent.,Reduce the initial employee mentoring program scope by about twenty percent.,,,6182.934,resp_6e8fe55cd07146649fdc6f4da4a16740,completed,540.807,411.61,91.875,1230.345,1669.504,4513.43,True,project-planning-10-turn-05,5,411.61,0.0,6182.934
4051.804,556.67,,"Here's a smaller plan: four weeks essentials, two weeks role-play, and final one-week review.",225280,38,5245.084,4392.131,4392.131,project-planning-10,9.535,,,,60,project-planning,834.016,4608.474,173.419,4781.893,463.191,101.201,3871.537,3871.537,The signclea rose for the smaller m employee Mandarin program plan.,Assign clear roles for the smaller employee mentoring program plan.,,,5245.928,resp_d7cb13710ce94f99ab9b568e42c51569,completed,421.808,412.208,79.066,809.155,1273.19,3972.738,True,project-planning-10-turn-06,6,412.208,0.0,5245.928
3868.768,909.412,,"By week thirteen, each employee can hold a five-minute work conversation in Mandarin.",202752,35,5427.538,4176.689,4176.689,project-planning-10,9.535,,,,55,project-planning,926.903,4778.181,213.843,4992.023,435.515,87.871,3655.087,3655.087,One measurable success criterion for the employee mandaring program.,Suggest one measurable success criterion for the employee mentoring program.,,,5428.324,resp_f9cece19f03a4c9bb217c0813b7734b1,completed,512.586,414.317,125.81,1249.065,1685.366,3742.958,True,project-planning-10-turn-07,7,414.317,0.0,5428.324
4834.98,794.54,,"Five minutes: progress update, one challenge, and one win.",145408,25,6150.26,4835.345,4835.345,project-planning-10,9.535,,,,47,project-planning,851.621,5629.519,194.487,5824.007,326.253,-1079.188,4316.098,4316.098,Create a brief weekly check in agenda for the employee mannering program.,Create a brief weekly check-in agenda for the employee mentoring program.,,,6151.588,resp_175d4680a1524e4e8ac0e95dac9faa9b,completed,442.041,409.58,1598.07,2587.097,2914.678,3236.91,True,project-planning-10-turn-08,8,409.58,0.0,6151.588
2482.038,2492.409,,"Thirteen weeks, six mixed employees, twenty percent reduced scope for scheduling flexibility. Success is a five-minute conversation.",342016,57,5994.477,4407.737,4407.737,project-planning-10,9.535,,,,78,project-planning,965.676,4974.447,193.968,5168.415,826.063,-1467.335,3881.163,3881.163,Summarize the employee mandaring program plan and its tradeoffs.,Summarize the current employee mentoring program plan and its tradeoffs.,,,5995.217,resp_65ee901ea7154af1ad5adf80d7a27de5,completed,555.482,410.194,68.21,2754.587,3581.39,2413.828,True,project-planning-10-turn-09,9,410.194,0.0,5995.217
3336.001,920.362,,"Let's decide today: keep the thirteen-week plan with reduced scope, or shorten it further.",199680,34,4830.924,3626.882,3626.882,project-planning-10,9.535,,,,52,project-planning,968.12,4256.363,150.074,4406.437,424.487,113.587,3106.15,3106.15,Decision about the employee mannering program mes today.,What decision about the employee mentoring program must happen today?,,,4832.623,resp_192bed546f8044dd93d49ab3f80f2208,completed,544.958,423.162,116.264,1186.7,1612.886,3219.737,True,project-planning-10-turn-10,10,423.162,0.0,4832.623
1531.271,14652.909,,I've found your order. What's the reason for the return?,121856,22,16857.85,5181.704,5181.704,order-return-04,6.227,,,,49,order-return,967.47,16184.18,195.591,16379.771,478.079,-3179.554,4654.272,4654.272,I need have returning a running shoes order at seven thousand four hundred eleven.,I need help returning a running shoes from order ORD-7411.,,,16858.714,resp_6376fc0dbe2a452cb4e37e178ddb94b5,completed,544.044,423.426,56.553,14905.053,15383.996,1474.718,True,order-return-04-turn-01,1,423.426,0.0,16858.714
2399.908,2067.234,,I'm sorry to hear that. I'll start the return for a full refund.,185344,33,5238.075,3922.07,3922.07,order-return-04,6.227,,,,51,order-return,960.837,4467.142,178.578,4645.72,592.355,-1129.914,3395.807,3395.807,The running shoes arrive visible staines and I noticed it.,"The running shoes arrived with visible stains, and I noticed it immediately.",,,5238.751,resp_e519db857c5b4f7681054ca103332b5b,completed,554.3,406.537,134.015,2379.827,2972.858,2265.893,True,order-return-04-turn-02,2,406.537,0.0,5238.751
1590.781,3552.829,,Let me look up order7811 now.,93184,16,5664.072,4862.763,4862.763,order-return-04,6.227,,,,42,order-return,854.56,5143.61,234.176,5377.786,286.286,-2849.965,4339.538,4339.538,Order ort seven hundred and eighteen hundred and eleven delivered three days ago.,Order ORD-7411 was delivered three days ago.,,,5665.207,resp_bcd8d5c96e124f1aa08f47e524f9f58b,completed,452.2,402.36,101.208,3888.213,4175.633,1489.573,True,order-return-04-turn-03,3,402.36,0.0,5665.207
1431.613,3551.577,,"Got it, I'll arrange a replacement for the running shoes.",161792,27,5534.111,4562.675,4562.675,order-return-04,6.227,,,,51,order-return,872.432,4983.19,182.535,5165.725,368.386,-2692.469,4035.856,4035.856,"For the running shoes, I prefer a replacement instead of a refund.","For the running shoes, I prefer a replacement instead of a refund.",,,5535.0,resp_83cbd7e93ecd4f0a94ae58eae2931022,completed,434.843,437.589,88.225,3822.338,4191.613,1343.387,True,order-return-04-turn-04,4,437.589,0.0,5535.0
3403.567,533.964,,"Yes, the order number is7411. I'll process the replacement for you.",192512,34,4746.037,3753.232,3753.232,order-return-04,6.227,,,,54,order-return,866.069,3937.531,200.117,4137.648,608.39,99.201,3226.964,3226.964,Should I provide for order ort seven thousand four hundred eleven?,What evidence should I provide for order ORD-7411?,,,4746.787,resp_78f6baac58c649ca914973ba19896860,completed,438.608,427.462,77.401,811.482,1420.622,3326.166,True,order-return-04-turn-05,5,427.462,0.0,4746.787
3235.319,935.415,,"Thanks for confirming. The replacement is on its way, and you can return the opened pair.",205824,35,4936.677,3527.027,3527.027,order-return-04,6.227,,,,54,order-return,957.39,4170.734,191.914,4362.648,574.029,99.918,3003.304,3003.304,The running shoes packaging is open butt still available.,The running shoes packaging is open but still available.,,,4937.561,resp_314652ea2d1e41e5b73e012270c4591d,completed,550.981,406.409,132.097,1259.426,1834.339,3103.222,True,order-return-04-turn-06,6,406.409,0.0,4937.561
3381.114,1202.346,,"You'll receive an email with a prepaid return label, then we'll ship your replacement once the return is scanned.",232448,41,5438.536,3703.875,3703.875,order-return-04,6.227,,,,59,order-return,961.866,4583.46,268.88,4852.34,586.197,100.187,3179.543,3179.543,Explain the likely next step for the running shoess return.,Explain the likely next step for the running shoes return.,,,5439.458,resp_7b2193890573428584d7b2ce22b9dd4f,completed,549.036,412.83,101.384,1572.611,2159.728,3279.729,True,order-return-04-turn-07,7,412.83,0.0,5439.458
4926.154,1558.03,,"Here's your message: ""Hi, regarding order7411, my running shoes arrived stained. I'd like a replacement, please.""",361472,60,7480.914,5024.406,5024.406,order-return-04,6.227,,,,82,order-return,957.211,6484.184,249.998,6734.182,746.732,-1053.303,4496.165,4496.165,Draft a short support message mentioning order at seven thousand four hundred eleven.,Draft a short support message mentioning order ORD-7411.,,,7481.548,resp_7cf7e91cbe1241cba42f7cd2f6a45aa3,completed,546.751,410.461,1483.292,3291.319,4038.685,3442.863,True,order-return-04-turn-08,8,410.461,0.0,7481.548
3353.012,728.851,,"You'll return the stained shoes using the prepaid label, and we'll send the replacement once it's scanned.",279552,46,4916.348,3628.421,3628.421,order-return-04,6.227,,,,63,order-return,1267.162,4081.864,250.702,4332.565,583.783,114.423,3107.264,3107.264,Summarize the agreed return plan for the running shoes.,Summarize the agreed return plan for the running shoes.,,,4917.262,resp_45d3d93676b5445f91f1d258449fdcab,completed,827.008,440.153,131.325,1110.878,1695.575,3221.687,True,order-return-04-turn-09,9,440.153,0.0,4917.262
4077.096,984.254,,I'll check the return deadline for order7411 now.,169984,29,5653.079,4400.15,4400.15,order-return-04,6.227,,,,51,order-return,876.481,5061.35,200.212,5261.562,391.516,132.728,3874.401,3874.401,Deadline should I verify for order at seven thousand four hundred eleven?,What deadline should I verify for order ORD-7411?,,,5654.067,resp_31f5521a69e74c70b8b3af2e3ff8d509,completed,466.239,410.242,69.967,1254.433,1646.938,4007.129,True,order-return-04-turn-10,10,410.242,0.0,5654.067
3189.806,669.551,,I can help with that. What's your budget and main use?,152576,26,4407.927,3542.181,3542.181,budget-coaching-06,10.076,,,,44,budget-coaching,965.972,3859.356,0.991,3860.347,547.58,122.797,3007.556,3007.556,Help me replace a laptop over the next nine months.,Help me replace a laptop over the next 9 months.,,,4408.395,resp_9342259ea9d84de8b60770076e38d95a,completed,481.022,484.949,59.452,729.993,1278.042,3130.354,True,budget-coaching-06-turn-01,1,484.949,0.0,4408.395
6035.234,744.509,,"Got it, around two thousand six hundred sixty dollars total. What's your main use?",198656,34,7494.222,6168.104,6168.104,budget-coaching-06,10.076,,,,60,budget-coaching,905.436,6779.743,197.575,6977.318,516.904,-3528.968,5638.428,5638.428,"For my go theplay the laptop, I can't set aside two hundred ninety five dollars monthly.","For my goal to replace a laptop, I can set aside 295 dollars monthly.",,,7495.035,resp_f485a4bdd71747c2b56606dffe989c38,completed,424.448,480.987,3925.774,4867.858,5385.576,2109.46,True,budget-coaching-06-turn-02,2,480.987,0.0,7495.035
4653.55,11166.627,,"Review your subscriptions first, then cut extras like streaming.",164864,28,16487.067,4934.979,4934.979,budget-coaching-06,10.076,,,,50,budget-coaching,1195.12,15820.177,302.581,16122.758,364.309,-1961.067,4411.011,4411.011,Name the first expense category to review so I can replace the laptop.,Name the first expense category to review so I can replace a laptop.,,,16487.915,resp_081b03f19a07462c97a166b13b0ec7e6,completed,772.161,422.959,2203.607,13672.814,14037.971,2449.944,True,budget-coaching-06-turn-03,3,422.959,0.0,16487.915
4432.907,923.511,,Try a weekly cable limit of fifty five dollars to stay on track.,152576,26,5898.351,4741.817,4741.817,budget-coaching-06,10.076,,,,49,budget-coaching,964.684,5356.418,195.126,5551.544,346.807,98.937,4219.468,4219.468,Give me a weekly spanning limit that supports my plan to replace a laptop.,Give me a weekly spending limit that supports my plan to replace a laptop.,,,5899.109,resp_2e3c68fbe0ee4e73a7b51e71282c8037,completed,577.816,386.869,114.502,1233.139,1580.704,4318.405,True,budget-coaching-06-turn-04,4,386.869,0.0,5899.109
2116.416,3166.111,,"That's fine. Keep weekly savings at fifty five dollars, and adjust if needed.",195584,34,6190.178,5017.891,5017.891,budget-coaching-06,10.076,,,,59,budget-coaching,961.323,5282.526,1.106,5283.632,906.546,-2500.37,4492.888,4492.888,I've forgotten annual insurance bill revised the plan to replace a laptop.,I forgot an annual insurance bill; revise the plan to replace a laptop.,,,6191.267,resp_3187bae09a35444988045b9ebbcebe13,completed,558.433,402.889,123.898,3291.114,4198.749,1992.518,True,budget-coaching-06-turn-05,5,402.889,0.0,6191.267
3831.204,965.343,,"Sure, keep a small entertainment allowance for balance. That works.",166912,29,5476.081,4137.598,4137.598,budget-coaching-06,10.076,,,,51,budget-coaching,933.934,4796.548,197.743,4994.29,481.79,120.432,3611.764,3611.764,Keep a small entertainment allowance why I replace a laptop.,Keep a small entertainment allowance while I replace a laptop.,,,5476.723,resp_e4131f7abaaa4f8db746cdca1b863368,completed,520.279,413.655,99.008,1262.094,1744.527,3732.196,True,budget-coaching-06-turn-06,6,413.655,0.0,5476.723
1698.069,22320.589,,I'll set up one automatic transfer of two hundred ninety five dollars monthly for your laptop fund.,220160,37,24703.264,4278.222,4278.222,budget-coaching-06,10.076,,,,60,budget-coaching,907.841,24018.658,206.806,24225.464,477.8,-2142.132,3759.093,3759.093,One automatic transfer for the go to replace the laptop.,Suggest one automatic transfer for the goal to replace a laptop.,,,24703.954,resp_b1932bf2d13c46f5b61456454f84dea7,completed,469.504,438.337,81.108,22608.503,23086.993,1616.961,True,budget-coaching-06-turn-07,7,438.337,0.0,24703.954
3583.201,1067.1,,Track your laptop fund balance toward the two thousand six hundred sixty dollar goal.,183296,30,5364.044,3891.655,3891.655,budget-coaching-06,10.076,,,,50,budget-coaching,960.082,4650.302,353.015,5003.317,360.728,118.184,3364.694,3364.694,Progress number should I track while I replace a laptop?,What progress number should I track while I replace a laptop?,,,5365.107,resp_9ed85d46809d4b04bdd5a0a7996d561d,completed,522.601,437.48,100.323,1520.438,1882.229,3482.878,True,budget-coaching-06-turn-08,8,437.48,0.0,5365.107
2989.199,790.917,,"Monthly plan: save two hundred ninety five dollars, subtractions first.",148480,26,4351.119,3297.77,3297.77,budget-coaching-06,10.076,,,,43,budget-coaching,935.667,3780.116,248.634,4028.751,322.368,101.476,2763.331,2763.331,Summarized the monthly plan to replace the laptop.,Summarize the monthly plan to replace a laptop.,,,4351.803,resp_282f09bd7e0145bc97e96adf87d35abb,completed,503.172,432.496,124.392,1163.943,1486.996,2864.808,True,budget-coaching-06-turn-09,9,432.496,0.0,4351.803
3341.031,689.977,,The biggest assumption is you'll consistently save two hundred ninety five dollars each month.,179200,34,4680.646,3637.627,3637.627,budget-coaching-06,10.076,,,,53,budget-coaching,793.829,4031.008,184.261,4215.269,465.377,122.308,3107.521,3107.521,Is the biggest assumption in the plan to replace a laptop.,What is the biggest assumption in the plan to replace a laptop?,,,4681.458,resp_4b0b231c4fdd4b4f92f30f45af117385,completed,390.211,403.617,111.202,985.44,1451.629,3229.829,True,budget-coaching-06-turn-10,10,403.617,0.0,4681.458
2516.244,613.615,,I can help you plan that. What's your rough budget and travel style?,160768,28,3874.008,2839.17,2839.17,travel-planning-10,5.994,,,,44,travel-planning,900.959,3129.859,206.105,3335.964,538.044,145.628,2315.178,2315.178,Help me plan a seven day trip to Auckland.,Help me plan a 7-day trip to Auckland.,,,3875.364,resp_43ea40555fa142b58a861087ac90c0a9,completed,401.925,499.035,55.438,875.158,1414.557,2460.806,True,travel-planning-10-turn-01,1,499.035,0.0,3875.364
1360.431,4736.041,,"Got it. For around twenty five hundred dollars, I'd suggest a mix of city, Waiheke, and nature. Want a draft itinerary?",375808,63,7336.677,5846.586,5846.586,travel-planning-10,5.994,,,,94,travel-planning,877.703,6096.472,14.855,6111.327,1225.349,-4028.983,5324.071,5324.071,Fair the Auckland trip cape my to budget near two thousand four hundred seventy five dollars.,"For the Auckland trip, keep my total budget near 2475 dollars.",,,7337.438,resp_e2059d09bc2445f98462050536c31ded,completed,442.597,435.107,65.343,4816.24,6042.351,1295.088,True,travel-planning-10-turn-02,2,435.107,0.0,7337.438
1553.521,3860.302,,Perfect. I'll focus your seven days on Auckland's best museums and cultural sites. Want me to start drafting the plan?,273408,47,6551.477,3917.328,3917.328,travel-planning-10,5.994,,,,69,travel-planning,891.291,5413.822,181.117,5594.939,956.538,-1908.844,3384.118,3384.118,"On this Auckland visit, I care most about museums.","On this Auckland visit, I care most about museums.",,,6552.496,resp_173d07d966ad49b8b09ec5b4bb1a80ad,completed,474.44,416.851,78.246,4119.665,5077.222,1475.274,True,travel-planning-10-turn-03,3,416.851,0.0,6552.496
3212.815,744.665,,The Auckland Museum area and the CBD are your best bet for museums.,207872,35,4652.409,3456.409,3456.409,travel-planning-10,5.994,,,,51,travel-planning,1174.942,3957.48,228.801,4186.281,466.128,109.792,2934.283,2934.283,Which neighborhoodour in Auckland best fits that preference?,Which neighborhood in Auckland best fits that preference?,,,4653.749,resp_28d50171637b4a89b8ecab38edcf8d8a,completed,774.115,400.827,168.74,1142.206,1609.674,3044.075,True,travel-planning-10-turn-04,4,400.827,0.0,4653.749
2808.478,1180.25,,"Start at the Auckland War Memorial Museum in the Domain, then stroll through the park for lunch.",289792,48,4802.151,3107.981,3107.981,travel-planning-10,5.994,,,,65,travel-planning,816.31,3988.728,184.013,4172.741,629.41,122.731,2581.99,2581.99,Give me a simple first morning plan for Auckland.,Give me a simple first-morning plan for Auckland.,,,4803.539,resp_6aaa2461ee64467ab020dc16f1156c04,completed,386.377,429.933,103.757,1468.02,2098.818,2704.722,True,travel-planning-10-turn-05,5,429.933,0.0,4803.539
3358.351,1192.586,,"Day two, start slow with brunch in Ponsonby, then visit the Art Gallery Toi o Tāmaki.",225280,38,5309.849,3660.856,3660.856,travel-planning-10,5.994,,,,57,travel-planning,851.886,4550.937,215.52,4766.457,543.392,143.512,3138.492,3138.492,Make the second day in Auckland less rushed than the first.,Make the second day in Auckland less rushed than the first.,,,5311.283,resp_445b9df69b56482580d6a513d0efdf44,completed,439.634,412.252,76.347,1484.453,2029.279,3282.004,True,travel-planning-10-turn-06,6,412.252,0.0,5311.283
3032.674,1193.825,,Visit the Auckland Art Gallery and SEA LIFE Kelly Tarlton's Aquarium indoors.,244736,41,4926.939,3316.611,3316.611,travel-planning-10,5.994,,,,58,travel-planning,948.505,4226.499,184.19,4410.689,516.25,118.394,2792.399,2792.399,One rainy day alternative YM in Auckland.,Suggest one rainy-day alternative while I am in Auckland.,,,4928.933,resp_429eff751bf44c78bc8390c3da6dab48,completed,540.119,408.386,121.881,1499.895,2018.14,2910.793,True,travel-planning-10-turn-07,7,408.386,0.0,4928.933
2551.391,794.852,,You're prioritizing local food? I'd suggest a food tour around the Viaduct and Britomart.,229376,39,4226.7,2834.904,2834.904,travel-planning-10,5.994,,,,54,travel-planning,1029.843,3346.243,176.087,3522.33,704.37,109.764,2309.018,2309.018,Loca food shirt I prioritizing Auckland.,What local food should I prioritize in Auckland?,,,4228.321,resp_5ffc0b31e5434d479f71efc15882212d,completed,602.707,427.136,132.61,1103.548,1809.539,2418.782,True,travel-planning-10-turn-08,8,427.136,0.0,4228.321
3200.734,776.351,,"Here's your plan: museums first, local food highlights, and a relaxed pace.",203776,38,4681.018,3482.168,3482.168,travel-planning-10,5.994,,,,55,travel-planning,992.701,3977.085,198.9,4175.985,505.033,123.627,2962.048,2962.048,Summarize my achben plan in three short points.,Summarize my Auckland plan in three short points.,,,4682.638,resp_3f7afbfbcf3b48778bf97b2d89143507,completed,553.099,439.602,115.059,1090.31,1596.963,3085.675,True,travel-planning-10-turn-09,9,439.602,0.0,4682.638
2277.126,995.114,,"Yes, book early for the museum and food tour to secure your spots.",172032,29,3818.701,2566.915,2566.915,travel-planning-10,5.994,,,,43,travel-planning,885.418,3272.24,186.323,3458.563,360.137,85.669,2045.282,2045.282,Should I book first for the auckman trip?,What should I book first for the Auckland trip?,,,3821.929,resp_51ce26989c18439bba44d72e154f8631,completed,457.729,427.689,146.175,1327.612,1690.978,2130.951,True,travel-planning-10-turn-10,10,427.689,0.0,3821.929
2868.702,2942.408,,"Start by checking the thermostat's display and power source. Then, verify your Wi-Fi connection and router signal.",309248,51,6734.747,4943.543,4943.543,smart-home-01,12.817,,,,70,smart-home,979.813,5811.11,196.123,6007.233,727.513,-1676.369,4417.274,4417.274,My living re room thermostat is dropping offline. Walk me through safe checks.,My living-room thermostat is dropping offline; walk me through safe checks.,,,6735.634,resp_9e6f0710d729439987d932452b60f3ea,completed,540.761,439.052,127.798,3266.329,3994.729,2740.904,True,smart-home-01-turn-01,1,439.052,0.0,6735.634
3074.076,956.183,,"Check if the thermostat's screen is blank or showing an error. If so, reseat the batteries or check the breaker.",328704,55,5023.93,3247.166,3247.166,smart-home-01,12.817,,,,62,smart-home,,4030.259,210.79,4241.05,782.881,97.513,2719.429,2719.429,The living room room thermostat still appears in its.,The living-room thermostat still appears online in its mobile app.,,,5024.736,resp_cf529582a3374e0284838c3bfaa9aa06,completed,,426.111,257.134,1424.107,2207.794,2816.942,True,smart-home-01-turn-02,2,426.111,0.0,5024.736
3287.923,1081.09,,"Check your router's signal strength and try moving it closer, or reset the thermostat's Wi-Fi settings.",243712,40,5084.049,3535.226,3535.226,smart-home-01,12.817,,,,58,smart-home,905.222,4369.013,216.844,4585.857,498.192,121.654,3009.271,3009.271,Power cycling did not fix the living room room thermostat.,Power cycling did not fix the living-room thermostat.,,,5085.412,resp_49b8ac5df3d045728d77a80ddf87eebb,completed,493.829,411.393,156.997,1454.932,1954.486,3130.925,True,smart-home-01-turn-03,3,411.393,0.0,5085.412
3377.931,761.926,,"The router's signal strength is most important, since a weak connection causes dropouts.",225280,37,4801.74,3476.8,3476.8,smart-home-01,12.817,,,,43,smart-home,,4139.857,182.504,4322.362,479.378,123.061,2946.152,2946.152,Which detail matters most for the living room room thermostat?,Which network detail matters most for the living-room thermostat?,,,4802.581,resp_31393b9728bf497a8b4d868af11ebe96,completed,,405.771,308.718,1253.149,1733.368,3069.213,True,smart-home-01-turn-04,4,405.771,0.0,4802.581
4028.757,11498.644,,"Check Wi-Fi strength in the thermostat's settings menu, or use your phone to test signal near it.",216064,36,16464.556,4380.971,4380.971,smart-home-01,12.817,,,,57,smart-home,992.189,15527.402,484.718,16012.12,452.436,112.9,3845.208,3845.208,Explain how to verify that detail on the living room room thermostat.,Explain how to verify that detail on the living-room thermostat.,,,16465.252,resp_59e4bd60765a42f19642c2018e407777,completed,562.178,430.011,70.649,12054.011,12507.144,3958.108,True,smart-home-01-turn-05,5,430.011,0.0,16465.252
3640.715,866.147,,"Ah, I see you meant a gas furnace. Check for error codes on the display, then verify the pilot light and gas valve.",337920,57,5548.506,3925.098,3925.098,smart-home-01,12.817,,,,78,smart-home,883.937,4506.862,198.97,4705.833,842.673,119.745,3405.922,3405.922,The living room room thermostat uses a gas update. Your advice?,The living-room thermostat uses a guest network; update your advice.,,,5549.172,resp_ed8236e7ca7f4a22be38a1fa21446b97,completed,455.955,427.983,115.048,1180.166,2023.505,3525.667,True,smart-home-01-turn-06,6,427.983,0.0,5549.172
3711.16,872.802,,Check the thermostat's error codes and ensure the gas valve is open.,169984,29,5351.192,3980.505,3980.505,smart-home-01,12.817,,,,50,smart-home,847.032,4583.963,414.16,4998.122,353.07,113.17,3459.728,3459.728,Give me a luissk next step for the living room room thermostat.,Give me a low-risk next step for the living-room thermostat.,,,5352.743,resp_855bdc4818514cbe887e1426a32443ac,completed,444.375,402.657,138.262,1425.224,1779.845,3572.898,True,smart-home-01-turn-07,7,402.657,0.0,5352.743
1266.114,3613.452,,"A burning smell, sparking, or visible smoke makes it unsafe. Turn off power immediately and call a professional.",295936,49,5857.589,4162.609,4162.609,smart-home-01,12.817,,,,74,smart-home,854.322,4879.566,206.368,5085.934,771.655,-2445.615,3639.816,3639.816,Symptom would make the living room room thermostat unsafe to use.,What symptom would make the living-room thermostat unsafe to use?,,,5858.826,resp_7ee346ba22d94a898fd95926d68b40cd,completed,436.549,417.773,71.913,3891.732,4664.624,1194.201,True,smart-home-01-turn-08,8,417.773,0.0,5858.826
3594.846,1171.347,,"Check power, then Wi-Fi signal, then gas system issues. Call a pro if unsafe.",234496,41,5640.117,3615.995,3615.995,smart-home-01,12.817,,,,48,smart-home,,4766.192,212.174,4978.366,661.751,139.427,3094.271,3094.271,Summarize the living room room thermostat troubleshooting sequence.,Summarize the living-room thermostat troubleshooting sequence.,,,5641.079,resp_ab1c6e06e81e490facaa03e85679def5,completed,,413.035,361.148,1744.668,2407.381,3233.698,True,smart-home-01-turn-09,9,413.035,0.0,5641.079
3671.312,565.679,,"Get the model number, error codes, and a brief description of the problem.",224256,37,4892.923,3996.776,3996.776,smart-home-01,12.817,,,,54,smart-home,1432.841,4236.991,196.602,4433.593,459.329,87.825,3473.182,3473.182,Information should I get the living room thermostat manufacturer?,What information should I give the living-room thermostat manufacturer?,,,4894.211,resp_db60c27c792444b3a1d3d8022a8b44f1,completed,1006.805,426.037,110.304,872.586,1333.203,3561.008,True,smart-home-01-turn-10,10,426.037,0.0,4894.211
1565.724,5684.671,,"I need to return the suitcase at7pm,4:48? Could you confirm the details?",252928,44,8150.508,6222.044,6222.044,order-return-05,5.955,,,,63,order-return,974.12,7250.396,232.074,7482.47,668.038,-4210.894,5697.774,5697.774,I need havep returning a carry on suitcase order at seven thousand four hundred forty eight.,I need help returning a carry-on suitcase from order ORD-7448.,,,8151.759,resp_24c55f06cfaa410a8511a143f986dded,completed,542.544,431.576,78.845,5995.59,6664.88,1486.879,True,order-return-05-turn-01,1,431.576,0.0,8151.759
2710.653,3135.195,,I'm sorry it's not working. Do you need help returning it?,135168,23,6567.07,4497.82,4497.82,order-return-05,5.955,,,,43,order-return,865.802,5845.848,207.238,6053.086,513.984,-1330.461,3971.492,3971.492,The carry on suitcase arrived and not power on. I noticed it.,"The carry-on suitcase arrived and does not power on, and I noticed it immediately.",,,6568.109,resp_0c9e0a06e90f4a12a94a3eb24d0e5d73,completed,450.585,415.217,69.622,3412.055,3927.079,2641.03,True,order-return-05-turn-02,2,415.217,0.0,6568.109
4012.684,619.485,,I can help with order7448. Would you like me to start the return?,186368,32,5332.408,4385.469,4385.469,order-return-05,5.955,,,,50,order-return,2376.375,4632.168,233.024,4865.193,467.216,-2422.929,3862.749,3862.749,Order or seven thousand four hundred and forty eight delivered three days ago.,Order ORD-7448 was delivered three days ago.,,,5332.953,resp_30a4119fd9364fe7bc5b9be66e8e61b6,completed,1965.676,410.7,2572.864,3425.372,3893.133,1439.82,True,order-return-05-turn-03,3,410.7,0.0,5332.953
1940.637,3700.499,,I'll check availability and arrange a replacement for order7448.,227328,38,6325.37,5129.714,5129.714,order-return-05,5.955,,,,62,order-return,1033.486,5641.136,189.685,5830.821,494.549,-2779.6,4608.981,4608.981,"Further carry on suitcase, I prefer a replacement instead of a refund.","For the carry-on suitcase, I prefer a replacement instead of a refund.",,,6326.085,resp_5a7009710b434c6791c382e836e5a400,completed,561.277,472.209,111.256,4001.44,4496.704,1829.382,True,order-return-05-turn-04,4,472.209,0.0,6326.085
3568.52,11239.75,,"Yes, please. I'll start the replacement for order7448.",233472,40,15745.308,3853.261,3853.261,order-return-05,5.955,,,,60,order-return,965.402,14808.27,195.151,15003.421,741.887,152.239,3323.411,3323.411,Should I provide for order ort seven thousand four hundred forty eight?,What evidence should I provide for order ORD-7448?,,,15746.637,resp_68d9f395a28b4367a6c9aa8536fb3542,completed,543.57,421.832,92.87,11527.771,12270.987,3475.65,True,order-return-05-turn-05,5,421.832,0.0,15746.637
3490.96,503.158,,No problem. I'll arrange the replacement since it's defective.,155648,26,4547.324,3813.63,3813.63,order-return-05,5.955,,,,46,order-return,782.7,3994.117,1.248,3995.365,551.959,88.738,3292.478,3292.478,The carry on suitcase packaging is open but still available.,The carry-on suitcase packaging is open but still available.,,,4548.416,resp_ef81584875b842abb7997e0dc235b28a,completed,369.638,413.062,109.744,614.149,1167.2,3381.216,True,order-return-05-turn-06,6,413.062,0.0,4548.416
3915.51,1032.266,,I'll schedule a pickup of the defective suitcase and send a replacement.,176128,30,5604.069,4222.411,4222.411,order-return-05,5.955,,,,51,order-return,954.794,4947.776,275.082,5222.859,381.21,125.536,3698.979,3698.979,Explain the likely next step for to carry on suitcase return.,Explain the likely next step for the carry-on suitcase return.,,,5604.433,resp_ded80c3bfd9d4fa28b9c0ab07eee3e47,completed,543.956,410.839,90.995,1398.344,1779.919,3824.515,True,order-return-05-turn-07,7,410.839,0.0,5604.433
4727.559,718.717,,Sure. Your replacement for order7448 is being arranged. A return label will be emailed soon.,264192,45,6414.182,5110.811,5110.811,order-return-05,5.955,,,,73,order-return,868.409,5446.276,1.063,5447.339,966.843,70.037,4589.126,4589.126,Draft a short support message mentioning order at seven thousand four hundred and forty eight.,Draft a short support message mentioning order ORD-7448.,,,6415.068,resp_bfb609a26c4349048e794253e89e4d13,completed,432.877,435.532,68.395,788.176,1755.904,4659.164,True,order-return-05-turn-08,8,435.532,0.0,6415.068
3719.634,685.928,,"We'll replace your defective suitcase from order7448, and I'll email the return label.",216064,36,5080.856,3982.211,3982.211,order-return-05,5.955,,,,56,order-return,985.772,4405.562,206.745,4612.307,468.549,115.556,3462.376,3462.376,Summarize the agreed return plan for the carry on suitcase.,Summarize the agreed return plan for the carry-on suitcase.,,,5082.028,resp_c4b443b1e4484ebf995c17c251d79c26,completed,553.558,432.214,141.702,1034.375,1504.097,3577.931,True,order-return-05-turn-09,9,432.214,0.0,5082.028
4172.304,686.48,,"I'm sorry, I didn't catch that. Could you clarify what deadline you mean?",139264,25,5498.838,4440.742,4440.742,order-return-05,5.955,,,,49,order-return,840.934,4858.784,205.028,5063.812,435.026,132.2,3917.296,3917.296,Deadline should have verified for order at seven thousand four hundred forty eight.,What deadline should I verify for order ORD-7448?,,,5499.898,resp_2c549655d5d44b8a91514f277037e4e0,completed,427.692,413.241,122.808,1014.316,1450.401,4049.496,True,order-return-05-turn-10,10,413.241,0.0,5499.898
1220.878,3339.098,,I can help with that. Do you have a monthly budget in mind?,129024,23,5061.026,4067.087,4067.087,budget-coaching-07,8.801,,,,45,budget-coaching,929.652,4559.975,1.147,4561.123,499.903,-2445.219,3545.303,3545.303,Help me prepare for moving costs over the next ten months.,Help me prepare for moving costs over the next 10 months.,,,5062.218,resp_d1399e62aa4e429aac9793c431847884,completed,460.871,468.781,120.793,3461.039,3962.134,1100.084,True,budget-coaching-07-turn-01,1,468.781,0.0,5062.218
2459.659,4371.715,,"Great, that's three hundred thirty dollars a month. Over ten months, you'll save three thousand three hundred.",265216,49,7807.541,6191.182,6191.182,budget-coaching-07,8.801,,,,81,budget-coaching,881.409,6831.374,206.149,7037.523,770.018,-3329.141,5668.391,5668.391,"For my go to prepare for moving costs, I can set aside three hundred thirty dollars monthly.","For my goal to prepare for moving costs, I can set aside 330 dollars monthly.",,,7808.563,resp_9d91e79b2a1b45829363b516a04826ed,completed,446.852,434.557,120.409,4698.273,5469.313,2339.25,True,budget-coaching-07-turn-02,2,434.557,0.0,7808.563
2447.65,3240.771,,"Review packing supplies first, since boxes and tape add up quickly.",164864,28,6257.775,5186.498,5186.498,budget-coaching-07,8.801,,,,45,budget-coaching,3583.88,5688.421,194.96,5883.381,374.393,-2253.562,4666.827,4666.827,Name the first expense category to review so I can prepare for moving costs.,Name the first expense category to review so I can prepare for moving costs.,,,6258.394,resp_94885ffea6f74da29fdd750060d35b87,completed,3180.793,403.087,34.385,3470.116,3845.129,2413.265,True,budget-coaching-07-turn-03,3,403.087,0.0,6258.394
4592.19,717.683,,"To save three hundred thirty dollars monthly, limit weekly spending to about seventy-six dollars.",237568,40,5980.706,4881.855,4881.855,budget-coaching-07,8.801,,,,64,budget-coaching,978.268,5309.873,183.824,5493.697,487.008,142.571,4358.591,4358.591,Give me a weekly spending limit that supports my plan to prepare for moving costs.,Give me a weekly spending limit that supports my plan to prepare for moving costs.,,,5981.278,resp_bb0deff605f74db4babc8cecb9dc33c1,completed,544.297,433.971,91.028,992.535,1480.116,4501.163,True,budget-coaching-07-turn-04,4,433.971,0.0,5981.278
2074.777,3856.798,,No problem. Three thousand three hundred is still your moving savings. The insurance bill is separate from that.,260096,44,6874.584,5500.935,5500.935,budget-coaching-07,8.801,,,,70,budget-coaching,954.176,5931.575,0.87,5932.445,942.139,-3012.751,4973.766,4973.766,I've forgotten annual insurance bill revised the plan to prepare for moving costs.,I forgot an annual insurance bill; revise the plan to prepare for moving costs.,,,6875.395,resp_8ea8095a4c9e4cb1a42f610d1dda4c64,completed,542.261,411.914,113.762,3971.43,4914.38,1961.015,True,budget-coaching-07-turn-05,5,411.914,0.0,6875.395
4007.849,11656.555,,"Sure, keep a small entertainment allowance, like twenty-five dollars weekly, to stay on track.",199680,41,16381.644,4240.61,4240.61,budget-coaching-07,8.801,,,,63,budget-coaching,854.876,15664.404,219.039,15883.443,498.201,88.421,3719.812,3719.812,Keep a small entertainment allowance why I prepared for moving costs.,Keep a small entertainment allowance while I prepare for moving costs.,,,16382.934,resp_8acbbe08275a4fe8b50b1358c3ae3fd0,completed,426.547,428.33,199.616,12075.21,12574.701,3808.233,True,budget-coaching-07-turn-06,6,428.33,0.0,16382.934
3813.506,947.997,,Set up one automatic transfer of three hundred thirty dollars monthly into your moving fund.,209920,35,5410.529,4109.01,4109.01,budget-coaching-07,8.801,,,,55,budget-coaching,966.915,4761.502,186.907,4948.409,462.12,110.797,3587.974,3587.974,One automatic transfer for the go to prepare for moving costs.,Suggest one automatic transfer for the goal to prepare for moving costs.,,,5412.235,resp_a06814f934c845dca0563dd18c30adf2,completed,566.731,400.184,114.734,1249.638,1713.464,3698.772,True,budget-coaching-07-turn-07,7,400.184,0.0,5412.235
3811.282,833.018,,Track your monthly savings compared to your three thousand three hundred dollar goal.,174080,31,5268.105,4051.132,4051.132,budget-coaching-07,8.801,,,,50,budget-coaching,982.156,4644.3,182.489,4826.788,441.316,139.567,3528.937,3528.937,Progress number should I track while I prepare for moving costs?,What progress number should I track while I prepare for moving costs?,,,5268.796,resp_100b4218b8a346248db128b60cf1cdc7,completed,554.917,427.239,142.777,1158.284,1600.292,3668.504,True,budget-coaching-07-turn-08,8,427.239,0.0,5268.796
3260.364,720.513,,"Save three hundred thirty dollars monthly, keep weekly spending around seventy-six dollars, and track toward three thousand three hundred.",283648,47,4748.818,3537.381,3537.381,budget-coaching-07,8.801,,,,65,budget-coaching,1115.043,3980.877,185.896,4166.773,582.044,115.905,3015.26,3015.26,Summarized the monthly plan to prepare for moving costs.,Summarize the monthly plan to prepare for moving costs.,,,4749.631,resp_d0b02983936f4bf4829c00091b52424d,completed,703.537,411.506,129.199,1035.608,1618.466,3131.165,True,budget-coaching-07-turn-09,9,411.506,0.0,4749.631
3569.018,538.303,,The biggest assumption is that your moving costs stay at three thousand three hundred dollars.,188416,31,4806.556,3881.799,3881.799,budget-coaching-07,8.801,,,,51,budget-coaching,844.443,4107.321,217.71,4325.031,481.525,108.79,3360.287,3360.287,Is the biggest assumption in the plan to prepare for moving costs.,What is the biggest assumption in the plan to prepare for moving costs?,,,4807.772,resp_c12470e7b8b64ec8acf339292ab2e878,completed,424.447,419.996,99.941,855.954,1338.695,3469.076,True,budget-coaching-07-turn-10,10,419.996,0.0,4807.772
4459.279,826.493,,"Try moving closer to the device and check for interference. If issues persist, maybe reset your headphones.",323584,67,8289.892,4692.503,4692.503,device-support-01,7.216,,,,91,device-support,970.62,5285.772,338.704,5624.476,2665.416,134.821,4174.069,4174.069,My wireless headphones has started disconnecting every few. Help me diagnose it.,My Orion wireless headphones has started disconnecting every few minutes; help me diagnose it.,,,8291.698,resp_f34771d6ef3b4ff08e5fcbc737b90041,completed,539.605,431.016,150.389,1315.586,3982.808,4308.89,True,device-support-01-turn-01,1,431.016,0.0,8291.698
4159.803,1155.866,,A software update often causes glitches. Try resetting your headphones or checking for another update.,286720,48,6407.322,4470.502,4470.502,device-support-01,7.216,,,,71,device-support,1063.068,5315.669,214.538,5530.207,877.115,99.188,3949.89,3949.89,The wireless headphones problem began after yesterday's software update.,The Orion wireless headphones problem began after yesterday's software update.,,,6407.647,resp_bf459257b9be45ed9c90cf085ba6b044,completed,628.834,434.234,110.724,1481.129,2358.569,4049.078,True,device-support-01-turn-02,2,434.234,0.0,6407.647
2675.58,2622.031,,Let's try forgetting the device and re-pairing it. That often fixes connection issues.,236544,44,6527.627,4967.023,4967.023,device-support-01,7.216,,,,67,device-support,1160.572,5297.611,275.158,5572.769,954.858,-1908.922,4442.272,4442.272,I already restarted the wireless headphones but disconnecting every few.,"I already restarted the Orion wireless headphones, but disconnecting every few minutes continues.",,,6528.194,resp_6a1f15c496e94cd2b83a1fea70927849,completed,753.279,407.293,142.23,3039.419,3994.844,2533.35,True,device-support-01-turn-03,3,407.293,0.0,6528.194
3234.889,862.294,,Check the Bluetooth codec and battery saver settings first. Those often cause dropouts.,217088,37,4891.499,3405.066,3405.066,device-support-01,7.216,,,,52,device-support,1776.418,4097.183,206.093,4303.276,588.223,119.089,2880.497,2880.497,Which wireless headphone setting should I inspect first?,Which Orion wireless headphones setting should I inspect first?,,,4892.702,resp_5bbea871c29e449b8b2b6d3f1eb48f59,completed,1359.94,416.477,235.302,1303.69,1893.116,2999.586,True,device-support-01-turn-04,4,416.477,0.0,4892.702
3677.435,792.942,,Sure. Make sure power saving is off and your phone isn't switching audio modes. Hope that helps.,262144,44,5414.999,3990.516,3990.516,device-support-01,7.216,,,,66,device-support,949.629,4470.377,0.944,4471.321,943.678,93.042,3467.668,3467.668,Explain that wireless headphones check without Tech jargon.,Explain that Orion wireless headphones check without technical jargon.,,,5415.988,resp_39e4a8be7cc249e0901c93dd320503f5,completed,526.043,423.586,116.725,910.61,1855.278,3560.711,True,device-support-01-turn-05,5,423.586,0.0,5415.988
3170.481,3298.596,,"Blue means paired and connected. Check for distance or interference, and try re-pairing if drops continue.",254976,43,7318.756,5106.417,5106.417,device-support-01,7.216,,,,64,device-support,970.008,6469.077,173.568,6642.645,676.112,-1559.981,4586.797,4586.797,"The wireless headphones indicator is blue, not red. Revise the diagnosis.","The Orion wireless headphones indicator is blue, not red; revise the diagnosis.",,,7319.676,resp_d787d1d3e69f48aeb31d30b7d14d3364,completed,548.923,421.085,143.665,3615.828,4292.86,3026.816,True,device-support-01-turn-06,6,421.085,0.0,7319.676
3458.193,1116.782,,"Turn them off, wait ten seconds, then turn them back on. That's a safe first step.",200704,35,5558.44,3768.631,3768.631,device-support-01,7.216,,,,55,device-support,870.659,4574.975,369.869,4944.843,613.596,112.393,3242.609,3242.609,Give me one safe reset step for the wireless headphones.,Give me one safe reset step for the Orion wireless headphones.,,,5559.541,resp_41998363432b4b51995052466513b043,completed,454.759,415.9,103.191,1589.842,2204.539,3355.002,True,device-support-01-turn-07,7,415.9,0.0,5559.541
3094.016,680.41,,You don't need to back up anything—headphones store no personal data. Just reset them and re-pair.,217088,37,4679.289,3435.842,3435.842,device-support-01,7.216,,,,55,device-support,912.216,3774.426,178.985,3953.411,725.878,117.815,2906.725,2906.725,Data should I back up resetting the wireless headphones?,What data should I back up before resetting the Orion wireless headphones?,,,4680.383,resp_eef8eb2e5d9a4fa9ac6d1024db29c470,completed,523.476,388.739,69.476,928.871,1655.843,3024.54,True,device-support-01-turn-08,8,388.739,0.0,4680.383
2665.06,414.182,,"We tried restarting and re-pairing. Next, check the codec and battery saver settings.",223232,39,3942.492,2984.709,2984.709,device-support-01,7.216,,,,56,device-support,863.377,3079.242,211.285,3290.527,651.965,92.055,2458.232,2458.232,Summarize we tried on the wireless headphones.,Summarize everything we tried on the Orion wireless headphones.,,,3944.459,resp_b008deb7ca644741b8667f9e6b93ed68,completed,428.478,434.899,114.774,740.24,1394.172,2550.286,True,device-support-01-turn-09,9,434.899,0.0,3944.459
3516.525,965.093,,Escalate support if the issue persists after checking settings and re-pairing.,203776,34,5289.427,3764.593,3764.593,device-support-01,7.216,,,,53,device-support,886.537,4481.617,385.587,4867.204,422.223,132.646,3236.506,3236.506,When should I escalate the wireless headphones case to support?,When should I escalate the Orion wireless headphones case to support?,,,5290.085,resp_6719270f9fd9467ca8fd2dc28bbd8f36,completed,481.498,405.039,147.373,1498.052,1920.933,3369.152,True,device-support-01-turn-10,10,405.039,0.0,5290.085
2661.122,2641.418,,"Let me walk you through some safe checks for your front door. First, grab a flashlight and check for any visible damage around the door frame and sensor.",337920,61,6341.617,4887.528,4887.528,smart-home-02,5.837,,,,83,smart-home,1760.218,5302.54,161.324,5463.864,877.753,-3383.568,4362.411,4362.411,My front door is sending delayed alerts. Walk me through safe checks.,My front-door camera is sending delayed alerts; walk me through safe checks.,,,6343.325,resp_0c30d19e2b354603b8ed0c90edc0f007,completed,1325.339,434.878,1682.28,4485.022,5364.482,978.842,True,smart-home-02-turn-01,1,434.878,0.0,6343.325
2219.529,601.85,,Check the batteries first. They're the most common cause of delayed alerts.,178176,30,3777.613,2490.663,2490.663,smart-home-02,5.837,,,,43,smart-home,1017.95,2821.379,196.138,3017.517,760.096,116.835,1962.391,1962.391,The front door still appears in its.,The front-door camera still appears online in its mobile app.,,,3778.181,resp_7be2acf6f64348f99618c990092face7,completed,588.569,429.381,140.304,938.292,1698.956,2079.225,True,smart-home-02-turn-02,2,429.381,0.0,3778.181
2488.283,873.296,,Then check your Wi-Fi signal and move the sensor if needed for a stronger connection.,165888,28,3935.843,2753.056,2753.056,smart-home-02,5.837,,,,42,smart-home,1139.234,3361.579,183.337,3544.917,390.927,89.467,2234.624,2234.624,Power cycling did not fix the front door.,Power cycling did not fix the front-door camera.,,,3936.619,resp_401100fb269a4fe383ad3ac4b5c427fb,completed,670.914,468.321,164.192,1220.825,1612.527,2324.091,True,smart-home-02-turn-03,3,468.321,0.0,3936.619
2477.454,965.602,,"The sensor's distance from the Wi-Fi hub matters most for stronger, reliable communication.",204800,35,4088.211,2744.5,2744.5,smart-home-02,5.837,,,,49,smart-home,979.501,3443.056,208.537,3651.593,436.617,120.222,2224.686,2224.686,Which detailta matters most for the front door?,Which network detail matters most for the front-door camera?,,,4088.918,resp_3a4c9f6c266e45cea97c93aba49e0557,completed,550.715,428.787,132.546,1306.684,1744.009,2344.909,True,smart-home-02-turn-04,4,428.787,0.0,4088.918
3319.616,850.903,,"Open your phone's Wi-Fi settings and stand at the front door. If the signal shows one bar, move the hub or sensor closer.",295936,49,5328.132,3634.186,3634.186,smart-home-02,5.837,,,,68,smart-home,1005.505,4170.519,195.972,4366.492,961.641,88.03,3112.767,3112.767,Explain how to verify that detail on the front door.,Explain how to verify that detail on the front-door camera.,,,5328.749,resp_901326ea9d0f486395848636f33adea9,completed,618.95,386.555,118.819,1165.695,2127.952,3200.797,True,smart-home-02-turn-05,5,386.555,0.0,5328.749
2660.248,539.871,,"Try re-pairing the sensor with your system. If that fails, check online for the exact update procedure.",265216,45,4169.912,3026.354,3026.354,smart-home-02,5.837,,,,62,smart-home,814.826,3200.119,214.179,3414.299,755.613,95.766,2505.578,2505.578,The front door uses a guess update your advice.,The front-door camera uses a guest network; update your advice.,,,4171.281,resp_2c6f8588079c4511a5fa9ed65531ec59,completed,386.282,428.544,58.904,812.955,1569.937,2601.344,True,smart-home-02-turn-06,6,428.544,0.0,4171.281
2883.223,713.537,,"Check the sensor pairing in your app's settings, then re-pair it if needed.",199680,34,4205.307,3198.239,3198.239,smart-home-02,5.837,,,,51,smart-home,949.15,3596.76,180.938,3777.699,427.608,119.096,2678.427,2678.427,Give me aurisk next step for the front door.,Give me a low-risk next step for the front-door camera.,,,4205.635,resp_8f26d8a839984bbd98e8059b2211cf7e,completed,543.166,405.983,85.701,980.176,1408.112,2797.522,True,smart-home-02-turn-07,7,405.983,0.0,4205.635
2817.266,1034.426,,A sensor stuck open or constant false alarms could indicate a real risk. Best to check the app and test it manually.,311296,52,4778.511,3026.606,3026.606,smart-home-02,5.837,,,,59,smart-home,,3851.693,187.38,4039.073,739.438,121.047,2502.027,2502.027,Symptom would make the frontier unsafe to use.,What symptom would make the front-door camera unsafe to use?,,,4779.394,resp_71a0ff7b56e9466db3d9910dd7429ebb,completed,,421.865,194.193,1415.999,2156.32,2623.074,True,smart-home-02-turn-08,8,421.865,0.0,4779.394
2516.143,820.036,,"Check the batteries, test the Wi-Fi signal, re-pair the sensor, and verify the door closes properly.",239616,40,4034.56,2824.816,2824.816,smart-home-02,5.837,,,,55,smart-home,942.953,3336.179,194.225,3530.405,504.155,137.985,2301.585,2301.585,Summarize the front door troubleshooting sequence.,Summarize the front-door camera troubleshooting sequence.,,,4035.591,resp_1cfe1d9ed737468a870c86eaf230b785,completed,521.721,421.232,76.574,1090.835,1596.022,2439.569,True,smart-home-02-turn-09,9,421.232,0.0,4035.591
2907.371,852.685,,Check the manufacturer's app or support site for specific troubleshooting steps and updates.,281600,47,4548.571,3220.774,3220.774,smart-home-02,5.837,,,,61,smart-home,1392.032,3760.056,232.148,3992.204,556.367,121.407,2695.805,2695.805,Information short I get the front door manufacturer.,What information should I give the front-door camera manufacturer?,,,4549.232,resp_97b53f10faf54dddbf0e24c26945a044,completed,979.013,413.019,90.159,1174.992,1732.02,2817.212,True,smart-home-02-turn-10,10,413.019,0.0,4549.232
